id,device_id,ts,voltage,humidity,temperature,latitude,longitude
1,device2,2025-11-11 17:34:34.561664+05:30,0.49,35.34,31.32,0,0
2,device1,2025-11-11 17:34:40.091575+05:30,0.33,41.41,27.58,0,0
3,device2,2025-11-11 17:34:49.51263+05:30,0.49,35.14,31.32,0,0
4,device1,2025-11-11 17:34:55.03917+05:30,0.33,41.35,27.57,0,0
5,device2,2025-11-11 17:35:04.465363+05:30,0.49,35.06,31.29,0,0
6,device1,2025-11-11 17:35:09.990205+05:30,0.32,41.38,27.56,0,0
7,device2,2025-11-11 17:35:19.401945+05:30,0.49,64.85,31.90,0,0
8,device1,2025-11-11 17:35:25.041301+05:30,0.30,41.25,27.57,0,0
9,device2,2025-11-11 17:35:34.564836+05:30,0.49,73.34,32.44,0,0
10,device1,2025-11-11 17:35:40.095729+05:30,0.32,40.98,27.61,0,0
11,device2,2025-11-11 17:35:49.516668+05:30,0.49,71.77,32.82,0,0
12,device1,2025-11-11 17:35:55.659857+05:30,0.30,40.95,27.61,0,0
13,device2,2025-11-11 17:36:04.671695+05:30,0.49,64.32,32.98,0,0
14,device1,2025-11-11 17:36:10.004279+05:30,0.31,41.08,27.59,0,0
15,device2,2025-11-11 17:36:19.625582+05:30,0.49,42.08,32.85,0,0
16,device1,2025-11-11 17:36:25.150514+05:30,0.30,41.12,27.58,0,0
17,device2,2025-11-11 17:36:34.584747+05:30,0.49,38.10,32.68,0,0
18,device1,2025-11-11 17:36:40.100473+05:30,0.31,41.09,27.58,0,0
19,device2,2025-11-11 17:36:49.828459+05:30,0.49,36.79,32.52,0,0
20,device1,2025-11-11 17:36:55.312771+05:30,0.32,41.16,27.57,0,0
21,device2,2025-11-11 17:37:05.321974+05:30,0.49,36.11,32.36,0,0
22,device1,2025-11-11 17:37:10.221429+05:30,0.32,41.10,27.56,0,0
23,device2,2025-11-11 17:37:21.779686+05:30,0.49,35.80,32.21,0,0
24,device1,2025-11-11 17:37:33.76885+05:30,0.34,41.00,27.58,0,0
25,device2,2025-11-11 17:37:48.614934+05:30,0.49,35.57,32.07,0,0
26,device2,2025-11-11 17:38:05.945591+05:30,0.49,35.38,31.97,0,0
27,device2,2025-11-11 17:38:16.162926+05:30,0.49,35.30,31.88,0,0
28,device2,2025-11-11 17:38:28.670711+05:30,0.49,35.32,31.81,0,0
29,device2,2025-11-11 17:38:43.589545+05:30,0.49,35.13,31.74,0,0
30,device2,2025-11-11 17:38:58.612897+05:30,0.49,35.10,31.67,0,0
31,device2,2025-11-11 17:39:13.73725+05:30,0.49,35.09,31.62,0,0
32,device1,2025-11-11 17:39:21.630563+05:30,0.33,40.84,27.58,0,0
33,device2,2025-11-11 17:39:28.782987+05:30,0.49,35.09,31.56,0,0
34,device1,2025-11-11 17:39:35.962945+05:30,0.33,40.85,27.51,0,0
35,device2,2025-11-11 17:39:43.637977+05:30,0.49,35.10,31.49,0,0
36,device1,2025-11-11 17:39:50.868063+05:30,0.31,41.04,27.50,0,0
37,device2,2025-11-11 17:39:58.824004+05:30,0.49,35.12,31.45,0,0
38,device1,2025-11-11 17:40:06.003366+05:30,0.33,40.90,27.52,0,0
39,device2,2025-11-11 17:40:13.983264+05:30,0.49,35.04,31.41,0,0
40,device1,2025-11-11 17:40:21.634005+05:30,0.32,40.77,27.49,0,0
41,device2,2025-11-11 17:40:28.924565+05:30,0.49,35.06,31.37,0,0
42,device1,2025-11-11 17:40:37.622346+05:30,0.32,40.89,27.47,0,0
43,device2,2025-11-11 17:40:44.435456+05:30,0.49,35.09,31.34,0,0
44,device1,2025-11-11 17:40:57.465679+05:30,0.33,40.89,27.47,0,0
45,device2,2025-11-11 17:41:00.63883+05:30,0.49,35.08,31.32,0,0
46,device1,2025-11-11 17:41:07.412011+05:30,0.32,40.79,27.49,0,0
47,device2,2025-11-11 17:41:14.981039+05:30,0.49,35.02,31.30,0,0
48,device1,2025-11-11 17:41:21.42542+05:30,0.31,40.71,27.48,0,0
49,device2,2025-11-11 17:41:29.861983+05:30,0.49,34.96,31.27,0,0
50,device1,2025-11-11 17:41:36.572495+05:30,0.33,40.82,27.46,0,0
51,device2,2025-11-11 17:41:44.771278+05:30,0.49,35.11,31.25,0,0
52,device1,2025-11-11 17:41:53.202773+05:30,0.32,40.96,27.48,0,0
53,device2,2025-11-11 17:42:02.44019+05:30,0.49,35.07,31.23,0,0
54,device1,2025-11-11 17:42:12.595197+05:30,0.33,40.89,27.43,0,0
55,device2,2025-11-11 17:42:14.924113+05:30,0.49,35.01,31.21,0,0
56,device1,2025-11-11 17:42:22.69452+05:30,0.33,40.99,27.42,0,0
57,device2,2025-11-11 17:42:30.433302+05:30,0.49,35.04,31.19,0,0
58,device1,2025-11-11 17:42:36.318617+05:30,0.32,40.95,27.40,0,0
59,device2,2025-11-11 17:42:46.728963+05:30,0.49,35.13,31.16,0,0
60,device1,2025-11-11 17:42:51.65826+05:30,0.30,41.09,27.38,0,0
61,device2,2025-11-11 17:42:59.121913+05:30,0.49,35.20,31.12,0,0
62,device1,2025-11-11 17:43:07.510167+05:30,0.31,41.15,27.37,0,0
63,device2,2025-11-11 17:43:14.8051+05:30,0.49,35.17,31.10,0,0
64,device1,2025-11-11 17:43:22.563465+05:30,0.32,41.14,27.35,0,0
65,device2,2025-11-11 17:43:29.698256+05:30,0.49,35.16,31.07,0,0
66,device1,2025-11-11 17:43:37.204607+05:30,0.31,41.19,27.31,0,0
67,device2,2025-11-11 17:43:44.577595+05:30,0.49,35.24,31.03,0,0
68,device1,2025-11-11 17:43:53.294844+05:30,0.33,41.38,27.27,0,0
69,device2,2025-11-11 17:44:00.414414+05:30,0.49,35.28,31.01,0,0
70,device1,2025-11-11 17:44:06.730866+05:30,0.32,41.42,27.24,0,0
71,device2,2025-11-11 17:44:14.03604+05:30,0.49,35.32,31.00,0,0
72,device1,2025-11-11 17:44:21.339479+05:30,0.32,41.19,27.29,0,0
73,device2,2025-11-11 17:44:29.940853+05:30,0.49,35.26,30.98,0,0
74,device1,2025-11-11 17:44:35.86399+05:30,0.33,41.05,27.31,0,0
75,device2,2025-11-11 17:44:43.778771+05:30,0.49,35.22,30.97,0,0
76,device1,2025-11-11 17:44:50.829944+05:30,0.33,40.89,27.32,0,0
77,device2,2025-11-11 17:44:58.973564+05:30,0.49,35.30,30.97,0,0
78,device1,2025-11-11 17:45:06.09041+05:30,0.33,40.94,27.35,0,0
79,device2,2025-11-11 17:45:14.012851+05:30,0.49,35.22,30.96,0,0
80,device1,2025-11-11 17:45:20.899672+05:30,0.32,40.95,27.34,0,0
81,device2,2025-11-11 17:45:30.394157+05:30,0.49,35.27,30.97,0,0
82,device1,2025-11-11 17:45:36.200606+05:30,0.33,40.93,27.38,0,0
83,device2,2025-11-11 17:45:44.200058+05:30,0.49,35.20,30.96,0,0
84,device1,2025-11-11 17:45:50.909702+05:30,0.33,40.88,27.36,0,0
85,device2,2025-11-11 17:45:58.930521+05:30,0.49,35.19,30.95,0,0
86,device1,2025-11-11 17:46:05.996615+05:30,0.33,40.97,27.37,0,0
87,device2,2025-11-11 17:46:14.085811+05:30,0.49,35.20,30.95,0,0
88,device1,2025-11-11 17:46:20.92859+05:30,0.33,40.85,27.37,0,0
89,device2,2025-11-11 17:46:29.192716+05:30,0.49,35.21,30.95,0,0
90,device1,2025-11-11 17:46:36.022341+05:30,0.33,40.79,27.37,0,0
91,device2,2025-11-11 17:46:44.296275+05:30,0.49,35.13,30.95,0,0
92,device1,2025-11-11 17:46:50.916975+05:30,0.33,40.91,27.37,0,0
93,device2,2025-11-11 17:46:59.445531+05:30,0.49,35.15,30.93,0,0
94,device1,2025-11-11 17:47:06.052401+05:30,0.32,40.95,27.31,0,0
95,device2,2025-11-11 17:47:14.253426+05:30,0.49,35.12,30.92,0,0
96,device1,2025-11-11 17:47:20.809219+05:30,0.33,41.04,27.25,0,0
97,device2,2025-11-11 17:47:29.118568+05:30,0.49,35.27,30.91,0,0
98,device1,2025-11-11 17:47:35.913487+05:30,0.30,41.16,27.23,0,0
99,device2,2025-11-11 17:47:44.297777+05:30,0.49,35.19,30.91,0,0
100,device1,2025-11-11 17:47:51.063175+05:30,0.33,41.11,27.20,0,0
101,device2,2025-11-11 17:47:59.42969+05:30,0.49,35.20,30.90,0,0
102,device1,2025-11-11 17:48:05.851756+05:30,0.32,41.12,27.21,0,0
103,device2,2025-11-11 17:48:14.35414+05:30,0.49,35.13,30.89,0,0
104,device1,2025-11-11 17:48:21.012479+05:30,0.32,41.09,27.20,0,0
105,device2,2025-11-11 17:48:29.146689+05:30,0.49,35.20,30.89,0,0
106,device1,2025-11-11 17:48:35.96585+05:30,0.31,41.08,27.17,0,0
107,device2,2025-11-11 17:48:44.160197+05:30,0.49,35.25,30.87,0,0
108,device1,2025-11-11 17:48:51.450341+05:30,0.32,41.20,27.20,0,0
109,device2,2025-11-11 17:48:59.271188+05:30,0.49,35.23,30.87,0,0
110,device1,2025-11-11 17:49:06.221773+05:30,0.33,40.99,27.20,0,0
111,device2,2025-11-11 17:49:14.204757+05:30,0.49,35.11,30.84,0,0
112,device1,2025-11-11 17:49:21.108471+05:30,0.30,40.95,27.19,0,0
113,device2,2025-11-11 17:49:29.21074+05:30,0.49,35.17,30.84,0,0
114,device1,2025-11-11 17:49:35.879084+05:30,0.33,40.94,27.21,0,0
115,device2,2025-11-11 17:49:44.368777+05:30,0.49,35.23,30.84,0,0
116,device1,2025-11-11 17:49:50.905021+05:30,0.33,40.88,27.23,0,0
117,device2,2025-11-11 17:49:59.158451+05:30,0.49,35.26,30.85,0,0
118,device1,2025-11-11 17:50:05.866733+05:30,0.33,40.86,27.25,0,0
119,device2,2025-11-11 17:50:14.157103+05:30,0.49,35.16,30.85,0,0
120,device1,2025-11-11 17:50:20.872607+05:30,0.33,40.88,27.28,0,0
121,device2,2025-11-11 17:50:29.168841+05:30,0.49,35.08,30.84,0,0
122,device1,2025-11-11 17:50:36.27661+05:30,0.31,40.74,27.26,0,0
123,device2,2025-11-11 17:50:44.088804+05:30,0.49,35.05,30.84,0,0
124,device1,2025-11-11 17:50:50.98035+05:30,0.33,40.93,27.26,0,0
125,device2,2025-11-11 17:50:59.579052+05:30,0.49,35.05,30.83,0,0
126,device1,2025-11-11 17:51:06.236433+05:30,0.31,40.84,27.27,0,0
127,device2,2025-11-11 17:51:14.578662+05:30,0.49,35.05,30.82,0,0
128,device1,2025-11-11 17:51:21.03026+05:30,0.33,40.79,27.28,0,0
129,device2,2025-11-11 17:51:29.335219+05:30,0.49,35.04,30.81,0,0
130,device1,2025-11-11 17:51:35.984471+05:30,0.34,40.71,27.26,0,0
131,device2,2025-11-11 17:51:44.430668+05:30,0.49,35.00,30.80,0,0
132,device1,2025-11-11 17:51:50.904526+05:30,0.32,40.68,27.24,0,0
133,device2,2025-11-11 17:51:59.275189+05:30,0.49,35.01,30.79,0,0
134,device1,2025-11-11 17:52:06.038444+05:30,0.32,40.73,27.22,0,0
135,device2,2025-11-11 17:52:14.228795+05:30,0.49,35.08,30.78,0,0
136,device1,2025-11-11 17:52:20.957499+05:30,0.33,40.81,27.22,0,0
137,device2,2025-11-11 17:52:29.272101+05:30,0.49,35.06,30.77,0,0
138,device1,2025-11-11 17:52:36.442494+05:30,0.32,40.90,27.23,0,0
139,device2,2025-11-11 17:52:44.590864+05:30,0.49,35.09,30.77,0,0
140,device1,2025-11-11 17:52:50.913487+05:30,0.30,40.74,27.24,0,0
141,device2,2025-11-11 17:52:59.273588+05:30,0.49,35.09,30.77,0,0
142,device1,2025-11-11 17:53:06.341849+05:30,0.30,40.74,27.28,0,0
143,device2,2025-11-11 17:53:14.539229+05:30,0.49,35.04,30.78,0,0
144,device1,2025-11-11 17:53:20.896309+05:30,0.33,40.45,27.34,0,0
145,device2,2025-11-11 17:53:29.495016+05:30,0.49,34.94,30.77,0,0
146,device1,2025-11-11 17:53:36.137319+05:30,0.33,40.42,27.35,0,0
147,device2,2025-11-11 17:53:44.801088+05:30,0.49,34.98,30.76,0,0
148,device1,2025-11-11 17:53:51.147803+05:30,0.33,40.45,27.33,0,0
149,device2,2025-11-11 17:53:59.392703+05:30,0.49,35.00,30.74,0,0
150,device1,2025-11-11 17:54:06.120216+05:30,0.33,40.54,27.29,0,0
151,device2,2025-11-11 17:54:14.811901+05:30,0.49,34.97,30.73,0,0
152,device1,2025-11-11 17:54:20.947209+05:30,0.33,40.58,27.28,0,0
153,device2,2025-11-11 17:54:29.665231+05:30,0.49,35.09,30.71,0,0
154,device1,2025-11-11 17:54:35.824111+05:30,0.32,40.67,27.30,0,0
155,device2,2025-11-11 17:54:44.739401+05:30,0.49,35.14,30.70,0,0
156,device1,2025-11-11 17:54:50.950049+05:30,0.32,40.64,27.28,0,0
157,device2,2025-11-11 17:54:59.652612+05:30,0.49,35.18,30.69,0,0
158,device1,2025-11-11 17:55:06.248465+05:30,0.33,40.76,27.25,0,0
159,device2,2025-11-11 17:55:14.649002+05:30,0.49,35.11,30.68,0,0
160,device1,2025-11-11 17:55:21.079194+05:30,0.32,40.88,27.20,0,0
161,device2,2025-11-11 17:55:29.391795+05:30,0.49,35.13,30.66,0,0
162,device1,2025-11-11 17:55:35.948114+05:30,0.33,40.95,27.15,0,0
163,device2,2025-11-11 17:55:44.541937+05:30,0.49,35.18,30.63,0,0
164,device1,2025-11-11 17:55:51.52802+05:30,0.34,40.94,27.12,0,0
165,device2,2025-11-11 17:55:59.595266+05:30,0.49,35.10,30.60,0,0
166,device1,2025-11-11 17:56:08.303982+05:30,0.32,40.96,27.12,0,0
167,device2,2025-11-11 17:56:14.657397+05:30,0.49,35.19,30.59,0,0
168,device1,2025-11-11 17:56:20.917289+05:30,0.32,40.85,27.15,0,0
169,device2,2025-11-11 17:56:29.877481+05:30,0.49,35.17,30.59,0,0
170,device1,2025-11-11 17:56:35.975383+05:30,0.33,40.65,27.16,0,0
171,device2,2025-11-11 17:56:44.551809+05:30,0.49,35.13,30.56,0,0
172,device1,2025-11-11 17:56:50.901428+05:30,0.32,40.84,27.14,0,0
173,device2,2025-11-11 17:57:00.521054+05:30,0.49,35.30,30.55,0,0
174,device1,2025-11-11 17:57:07.183983+05:30,0.32,40.90,27.13,0,0
175,device2,2025-11-11 17:57:14.584118+05:30,0.49,35.30,30.54,0,0
176,device1,2025-11-11 17:57:21.280105+05:30,0.32,40.88,27.13,0,0
177,device2,2025-11-11 17:57:29.655888+05:30,0.49,35.21,30.53,0,0
178,device1,2025-11-11 17:57:35.959681+05:30,0.33,40.90,27.10,0,0
179,device2,2025-11-11 17:57:44.867462+05:30,0.49,35.31,30.51,0,0
180,device1,2025-11-11 17:57:51.188998+05:30,0.32,40.91,27.11,0,0
181,device2,2025-11-11 17:58:00.010125+05:30,0.49,35.25,30.49,0,0
182,device1,2025-11-11 17:58:06.14459+05:30,0.31,40.89,27.06,0,0
183,device2,2025-11-11 17:58:14.559817+05:30,0.49,35.25,30.49,0,0
184,device1,2025-11-11 17:58:21.598108+05:30,0.33,40.90,27.05,0,0
185,device2,2025-11-11 17:58:29.680333+05:30,0.49,35.22,30.48,0,0
186,device1,2025-11-11 17:58:35.856981+05:30,0.30,40.88,27.02,0,0
187,device2,2025-11-11 17:58:44.613817+05:30,0.49,35.21,30.46,0,0
188,device1,2025-11-11 17:58:50.863574+05:30,0.33,40.93,27.00,0,0
189,device2,2025-11-11 17:59:14.057382+05:30,0.49,35.26,30.45,0,0
190,device2,2025-11-11 17:59:23.693179+05:30,0.49,35.26,30.44,0,0
191,device1,2025-11-11 17:59:23.728842+05:30,0.31,40.90,27.02,0,0
192,device1,2025-11-11 17:59:38.894686+05:30,0.33,40.80,27.02,0,0
193,device2,2025-11-11 18:00:22.131836+05:30,0.49,35.24,30.43,0,0
194,device2,2025-11-11 18:00:22.134523+05:30,0.49,35.26,30.41,0,0
195,device2,2025-11-11 18:01:06.247892+05:30,0.49,35.26,30.41,0,0
196,device2,2025-11-11 18:01:06.250975+05:30,0.49,35.22,30.40,0,0
197,device2,2025-11-11 18:02:29.553116+05:30,0.49,35.13,30.39,0,0
198,device2,2025-11-11 18:02:29.554352+05:30,0.49,35.18,30.37,0,0
199,device2,2025-11-11 18:02:29.554776+05:30,0.49,35.26,30.33,0,0
200,device1,2025-11-11 18:02:34.993318+05:30,0.33,40.73,27.04,0,0
201,device1,2025-11-11 18:02:34.995312+05:30,0.30,40.84,27.00,0,0
202,device2,2025-11-11 18:02:36.844152+05:30,0.49,35.23,30.32,0,0
203,device1,2025-11-11 18:02:38.770232+05:30,0.32,40.84,26.97,0,0
204,device2,2025-11-11 18:02:51.708152+05:30,0.49,35.20,30.32,0,0
205,device1,2025-11-11 18:02:53.781538+05:30,0.32,40.76,26.98,0,0
206,device2,2025-11-11 18:03:06.763662+05:30,0.49,35.21,30.32,0,0
207,device1,2025-11-11 18:03:08.924517+05:30,0.32,40.82,26.97,0,0
208,device2,2025-11-11 18:03:21.992323+05:30,0.49,35.27,30.33,0,0
209,device1,2025-11-11 18:03:24.279601+05:30,0.33,40.76,26.96,0,0
210,device2,2025-11-11 18:03:37.060419+05:30,0.49,35.23,30.34,0,0
211,device1,2025-11-11 18:03:39.195282+05:30,0.32,40.74,26.97,0,0
212,device2,2025-11-11 18:03:51.606368+05:30,0.49,35.19,30.35,0,0
213,device1,2025-11-11 18:03:54.06655+05:30,0.32,40.53,27.01,0,0
214,device2,2025-11-11 18:04:06.606448+05:30,0.49,35.15,30.36,0,0
215,device1,2025-11-11 18:04:09.119838+05:30,0.31,40.58,27.03,0,0
216,device2,2025-11-11 18:04:22.046212+05:30,0.49,35.01,30.37,0,0
217,device1,2025-11-11 18:04:23.863105+05:30,0.32,40.55,27.04,0,0
218,device2,2025-11-11 18:04:36.658851+05:30,0.49,35.08,30.40,0,0
219,device1,2025-11-11 18:04:38.767693+05:30,0.32,40.61,27.05,0,0
220,device2,2025-11-11 18:04:52.151679+05:30,0.49,35.00,30.42,0,0
221,device1,2025-11-11 18:04:53.764931+05:30,0.31,40.60,27.04,0,0
222,device2,2025-11-11 18:05:06.87015+05:30,0.49,35.00,30.43,0,0
223,device1,2025-11-11 18:05:08.927295+05:30,0.32,40.60,27.06,0,0
224,device2,2025-11-11 18:05:21.809146+05:30,0.49,34.98,30.45,0,0
225,device1,2025-11-11 18:05:23.830292+05:30,0.32,40.46,27.09,0,0
226,device2,2025-11-11 18:05:36.896032+05:30,0.49,34.89,30.47,0,0
227,device1,2025-11-11 18:05:41.551487+05:30,0.31,40.27,27.08,0,0
228,device2,2025-11-11 18:05:51.800746+05:30,0.49,34.88,30.46,0,0
229,device1,2025-11-11 18:05:53.983918+05:30,0.32,40.44,27.04,0,0
230,device2,2025-11-11 18:06:07.297932+05:30,0.50,34.88,30.43,0,0
231,device1,2025-11-11 18:06:08.776597+05:30,0.32,40.54,27.00,0,0
232,device2,2025-11-11 18:06:21.761271+05:30,0.49,34.93,30.42,0,0
233,device1,2025-11-11 18:06:28.993899+05:30,0.31,40.61,27.00,0,0
234,device2,2025-11-11 18:06:36.983579+05:30,0.49,34.95,30.40,0,0
235,device1,2025-11-11 18:06:38.966319+05:30,0.30,40.65,26.96,0,0
236,device2,2025-11-11 18:06:51.678259+05:30,0.49,35.08,30.39,0,0
237,device1,2025-11-11 18:06:53.720543+05:30,0.33,40.74,26.95,0,0
238,device2,2025-11-11 18:07:06.81418+05:30,0.49,34.93,30.38,0,0
239,device1,2025-11-11 18:07:08.847538+05:30,0.32,40.57,26.95,0,0
240,device2,2025-11-11 18:07:21.750699+05:30,0.49,34.88,30.36,0,0
241,device1,2025-11-11 18:07:24.066117+05:30,0.32,40.60,26.93,0,0
242,device2,2025-11-11 18:07:36.951262+05:30,0.49,34.95,30.34,0,0
243,device1,2025-11-11 18:07:39.216256+05:30,0.32,40.66,26.90,0,0
244,device2,2025-11-11 18:07:51.819312+05:30,0.49,35.03,30.31,0,0
245,device1,2025-11-11 18:07:54.010239+05:30,0.33,40.74,26.88,0,0
246,device2,2025-11-11 18:08:07.193039+05:30,0.49,35.06,30.28,0,0
247,device1,2025-11-11 18:08:08.94089+05:30,0.33,40.73,26.88,0,0
248,device2,2025-11-11 18:08:22.013767+05:30,0.49,35.07,30.25,0,0
249,device1,2025-11-11 18:08:23.760524+05:30,0.33,40.69,26.85,0,0
250,device2,2025-11-11 18:08:36.750557+05:30,0.49,35.11,30.22,0,0
251,device1,2025-11-11 18:08:39.240311+05:30,0.30,40.80,26.82,0,0
252,device2,2025-11-11 18:08:52.317912+05:30,0.49,35.15,30.18,0,0
253,device1,2025-11-11 18:08:53.989611+05:30,0.32,40.85,26.81,0,0
254,device2,2025-11-11 18:09:06.947454+05:30,0.49,35.19,30.15,0,0
255,device1,2025-11-11 18:09:09.265054+05:30,0.32,40.83,26.80,0,0
256,device2,2025-11-11 18:09:22.253146+05:30,0.49,35.21,30.15,0,0
257,device1,2025-11-11 18:09:23.819629+05:30,0.30,40.75,26.79,0,0
258,device2,2025-11-11 18:09:37.168702+05:30,0.49,35.17,30.13,0,0
259,device1,2025-11-11 18:09:38.868093+05:30,0.32,40.77,26.78,0,0
260,device2,2025-11-11 18:09:52.009179+05:30,0.49,35.21,30.12,0,0
261,device1,2025-11-11 18:09:54.249177+05:30,0.31,40.83,26.77,0,0
262,device2,2025-11-11 18:10:07.097118+05:30,0.49,35.22,30.08,0,0
263,device1,2025-11-11 18:10:09.001573+05:30,0.32,40.85,26.76,0,0
264,device2,2025-11-11 18:10:21.999476+05:30,0.49,35.29,30.07,0,0
265,device1,2025-11-11 18:10:24.358094+05:30,0.32,40.92,26.73,0,0
266,device2,2025-11-11 18:10:37.320116+05:30,0.49,35.33,30.05,0,0
267,device1,2025-11-11 18:10:39.052914+05:30,0.32,41.00,26.73,0,0
268,device2,2025-11-11 18:10:52.158145+05:30,0.49,35.33,30.04,0,0
269,device1,2025-11-11 18:10:53.961755+05:30,0.30,40.87,26.71,0,0
270,device2,2025-11-11 18:11:07.087805+05:30,0.49,35.32,30.03,0,0
271,device1,2025-11-11 18:11:08.692682+05:30,0.30,40.91,26.73,0,0
272,device2,2025-11-11 18:11:21.785262+05:30,0.49,35.33,30.01,0,0
273,device1,2025-11-11 18:11:23.755023+05:30,0.32,40.79,26.72,0,0
274,device2,2025-11-11 18:11:36.793392+05:30,0.49,35.34,29.96,0,0
275,device1,2025-11-11 18:11:38.84097+05:30,0.32,40.85,26.70,0,0
276,device2,2025-11-11 18:11:51.982988+05:30,0.49,35.46,29.91,0,0
277,device1,2025-11-11 18:11:53.959941+05:30,0.32,40.92,26.69,0,0
278,device2,2025-11-11 18:12:06.75189+05:30,0.49,35.57,29.90,0,0
279,device1,2025-11-11 18:12:08.926358+05:30,0.33,40.93,26.71,0,0
280,device2,2025-11-11 18:12:21.97147+05:30,0.49,35.50,29.88,0,0
281,device1,2025-11-11 18:12:23.830276+05:30,0.30,40.79,26.73,0,0
282,device2,2025-11-11 18:12:36.913693+05:30,0.49,35.54,29.85,0,0
283,device1,2025-11-11 18:12:38.770966+05:30,0.33,40.90,26.69,0,0
284,device2,2025-11-11 18:12:51.904319+05:30,0.49,35.57,29.81,0,0
285,device1,2025-11-11 18:12:54.078727+05:30,0.33,40.96,26.63,0,0
286,device2,2025-11-11 18:13:06.912635+05:30,0.49,35.62,29.78,0,0
287,device1,2025-11-11 18:13:08.921787+05:30,0.32,41.06,26.59,0,0
288,device2,2025-11-11 18:13:22.217239+05:30,0.49,35.67,29.75,0,0
289,device1,2025-11-11 18:13:23.887709+05:30,0.33,41.16,26.56,0,0
290,device2,2025-11-11 18:13:36.87674+05:30,0.49,35.75,29.72,0,0
291,device1,2025-11-11 18:13:38.984816+05:30,0.32,41.25,26.55,0,0
292,device1,2025-11-11 18:13:57.45431+05:30,0.33,41.21,26.57,0,0
293,device2,2025-11-11 18:13:57.519746+05:30,0.49,35.79,29.71,0,0
294,device2,2025-11-11 18:14:07.02663+05:30,0.49,35.76,29.69,0,0
295,device1,2025-11-11 18:14:08.811735+05:30,0.31,41.13,26.52,0,0
296,device2,2025-11-11 18:14:21.993533+05:30,0.49,35.82,29.67,0,0
297,device1,2025-11-11 18:14:24.063507+05:30,0.31,41.17,26.49,0,0
298,device2,2025-11-11 18:14:36.87012+05:30,0.49,35.83,29.65,0,0
299,device1,2025-11-11 18:14:38.777867+05:30,0.32,41.19,26.49,0,0
300,device2,2025-11-11 18:14:52.241335+05:30,0.49,35.85,29.65,0,0
301,device1,2025-11-11 18:14:54.021101+05:30,0.33,41.14,26.53,0,0
302,device2,2025-11-11 18:15:06.871243+05:30,0.49,35.77,29.64,0,0
303,device1,2025-11-11 18:15:08.974377+05:30,0.34,41.00,26.54,0,0
304,device2,2025-11-11 18:15:22.230658+05:30,0.49,35.80,29.64,0,0
305,device1,2025-11-11 18:15:23.893597+05:30,0.30,41.07,26.55,0,0
306,device2,2025-11-11 18:15:36.984746+05:30,0.49,35.86,29.63,0,0
307,device1,2025-11-11 18:15:38.774706+05:30,0.33,41.19,26.57,0,0
308,device2,2025-11-11 18:15:52.150489+05:30,0.49,35.77,29.63,0,0
309,device1,2025-11-11 18:15:53.932453+05:30,0.33,40.95,26.56,0,0
310,device2,2025-11-11 18:16:07.071218+05:30,0.49,35.75,29.63,0,0
311,device1,2025-11-11 18:16:08.897602+05:30,0.32,41.03,26.55,0,0
312,device2,2025-11-11 18:16:22.076832+05:30,0.49,35.71,29.63,0,0
313,device1,2025-11-11 18:16:23.861824+05:30,0.32,41.00,26.56,0,0
314,device2,2025-11-11 18:16:37.191218+05:30,0.49,35.72,29.62,0,0
315,device1,2025-11-11 18:16:38.767904+05:30,0.31,40.99,26.57,0,0
316,device2,2025-11-11 18:16:51.942278+05:30,0.49,35.77,29.62,0,0
317,device1,2025-11-11 18:16:54.05746+05:30,0.32,40.93,26.58,0,0
318,device2,2025-11-11 18:17:07.117476+05:30,0.49,35.79,29.62,0,0
319,device1,2025-11-11 18:17:08.9605+05:30,0.33,40.95,26.60,0,0
320,device2,2025-11-11 18:17:21.956726+05:30,0.49,35.71,29.59,0,0
321,device1,2025-11-11 18:17:23.741311+05:30,0.33,40.92,26.56,0,0
322,device2,2025-11-11 18:17:37.005108+05:30,0.49,35.80,29.58,0,0
323,device1,2025-11-11 18:17:38.892562+05:30,0.32,41.07,26.54,0,0
324,device2,2025-11-11 18:17:52.048744+05:30,0.49,35.92,29.54,0,0
325,device1,2025-11-11 18:17:54.053977+05:30,0.33,41.14,26.52,0,0
326,device2,2025-11-11 18:18:07.087632+05:30,0.49,35.90,29.53,0,0
327,device1,2025-11-11 18:18:08.936471+05:30,0.30,41.13,26.49,0,0
328,device2,2025-11-11 18:18:22.029067+05:30,0.49,35.93,29.51,0,0
329,device1,2025-11-11 18:18:23.884588+05:30,0.33,41.12,26.46,0,0
330,device2,2025-11-11 18:18:37.105333+05:30,0.49,35.98,29.48,0,0
331,device1,2025-11-11 18:18:38.846195+05:30,0.33,41.28,26.45,0,0
332,device2,2025-11-11 18:18:52.021369+05:30,0.49,36.10,29.48,0,0
333,device1,2025-11-11 18:18:54.038461+05:30,0.33,41.32,26.48,0,0
334,device2,2025-11-11 18:19:07.315298+05:30,0.49,36.01,29.49,0,0
335,device1,2025-11-11 18:19:08.952456+05:30,0.31,41.13,26.44,0,0
336,device2,2025-11-11 18:19:22.310864+05:30,0.49,36.05,29.48,0,0
337,device1,2025-11-11 18:19:23.794033+05:30,0.32,41.24,26.41,0,0
338,device2,2025-11-11 18:19:37.172485+05:30,0.49,36.05,29.45,0,0
339,device1,2025-11-11 18:19:38.84453+05:30,0.32,41.35,26.39,0,0
340,device2,2025-11-11 18:19:52.119424+05:30,0.49,36.19,29.42,0,0
341,device1,2025-11-11 18:19:53.967476+05:30,0.32,41.40,26.39,0,0
342,device2,2025-11-11 18:20:07.103721+05:30,0.49,36.21,29.42,0,0
343,device1,2025-11-11 18:20:08.953702+05:30,0.32,41.38,26.43,0,0
344,device1,2025-11-11 18:20:28.744452+05:30,0.32,41.13,26.43,0,0
345,device2,2025-11-11 18:20:29.311965+05:30,0.49,36.11,29.41,0,0
346,device1,2025-11-11 18:20:46.539303+05:30,0.32,41.05,26.46,0,0
347,device1,2025-11-11 18:20:56.428509+05:30,0.33,41.19,26.49,0,0
348,device2,2025-11-11 18:20:57.725199+05:30,0.49,36.12,29.42,0,0
349,device2,2025-11-11 18:20:58.293773+05:30,0.49,36.20,29.41,0,0
350,device1,2025-11-11 18:21:11.146315+05:30,0.32,41.06,26.51,0,0
351,device2,2025-11-11 18:21:13.459784+05:30,0.49,36.08,29.42,0,0
352,device1,2025-11-11 18:21:25.927624+05:30,0.30,40.90,26.52,0,0
353,device2,2025-11-11 18:21:28.430855+05:30,0.49,36.05,29.41,0,0
354,device1,2025-11-11 18:21:40.892351+05:30,0.33,41.06,26.52,0,0
355,device2,2025-11-11 18:21:43.367527+05:30,0.49,36.14,29.42,0,0
356,device1,2025-11-11 18:21:55.862438+05:30,0.30,41.06,26.53,0,0
357,device2,2025-11-11 18:21:58.323278+05:30,0.49,36.13,29.42,0,0
358,device1,2025-11-11 18:22:11.049347+05:30,0.32,41.09,26.52,0,0
359,device2,2025-11-11 18:22:13.464713+05:30,0.49,36.16,29.41,0,0
360,device1,2025-11-11 18:22:25.848061+05:30,0.32,41.11,26.49,0,0
361,device2,2025-11-11 18:22:28.424363+05:30,0.49,36.18,29.39,0,0
362,device1,2025-11-11 18:22:40.887832+05:30,0.33,41.34,26.43,0,0
363,device2,2025-11-11 18:22:43.364742+05:30,0.49,36.24,29.36,0,0
364,device1,2025-11-11 18:22:55.852937+05:30,0.32,41.45,26.39,0,0
365,device2,2025-11-11 18:22:58.511895+05:30,0.49,36.29,29.31,0,0
366,device1,2025-11-11 18:23:10.812183+05:30,0.33,41.49,26.38,0,0
367,device2,2025-11-11 18:23:13.368439+05:30,0.49,36.32,29.30,0,0
368,device1,2025-11-11 18:23:25.752131+05:30,0.33,41.46,26.36,0,0
369,device2,2025-11-11 18:23:28.423714+05:30,0.49,36.39,29.27,0,0
370,device1,2025-11-11 18:23:40.812758+05:30,0.32,41.45,26.37,0,0
371,device2,2025-11-11 18:23:43.397674+05:30,0.49,36.43,29.26,0,0
372,device2,2025-11-11 18:23:58.393572+05:30,0.49,36.77,29.26,0,0
373,device2,2025-11-11 18:24:13.677704+05:30,0.49,36.51,29.26,0,0
374,device2,2025-11-11 18:24:28.670023+05:30,0.49,36.53,29.27,0,0
375,device2,2025-11-11 18:24:43.545997+05:30,0.49,36.36,29.28,0,0
376,device2,2025-11-11 18:24:58.613742+05:30,0.49,36.31,29.31,0,0
377,device2,2025-11-11 18:25:13.483091+05:30,0.49,36.30,29.28,0,0
378,device2,2025-11-11 18:25:28.737366+05:30,0.49,36.48,29.23,0,0
379,device2,2025-11-11 18:25:43.547089+05:30,0.49,36.55,29.19,0,0
380,device2,2025-11-11 18:25:58.550376+05:30,0.49,36.49,29.19,0,0
381,device2,2025-11-11 18:26:13.626979+05:30,0.49,36.44,29.17,0,0
382,device2,2025-11-11 18:26:28.633849+05:30,0.49,36.40,29.15,0,0
383,device2,2025-11-11 18:26:43.555756+05:30,0.49,36.48,29.12,0,0
384,device2,2025-11-11 18:26:58.54349+05:30,0.49,36.56,29.10,0,0
385,device2,2025-11-11 18:27:13.658898+05:30,0.49,36.64,29.09,0,0
386,device2,2025-11-11 18:27:28.708326+05:30,0.49,36.66,29.10,0,0
387,device2,2025-11-11 18:27:43.692809+05:30,0.49,36.58,29.13,0,0
388,device2,2025-11-11 18:27:58.549708+05:30,0.49,36.47,29.15,0,0
389,device2,2025-11-11 18:28:13.613073+05:30,0.49,36.44,29.17,0,0
390,device2,2025-11-11 18:28:28.642796+05:30,0.49,36.37,29.18,0,0
391,device2,2025-11-11 18:28:43.870223+05:30,0.49,36.33,29.19,0,0
392,device2,2025-11-11 18:28:58.753975+05:30,0.49,36.28,29.19,0,0
393,device2,2025-11-11 18:29:14.05906+05:30,0.49,36.28,29.17,0,0
394,device2,2025-11-11 18:29:28.637198+05:30,0.49,36.36,29.15,0,0
395,device2,2025-11-11 18:29:43.813787+05:30,0.49,36.38,29.12,0,0
396,device2,2025-11-11 18:30:01.255099+05:30,0.49,36.51,29.13,0,0
397,device2,2025-11-11 18:30:13.740236+05:30,0.49,36.43,29.14,0,0
398,device2,2025-11-11 18:30:28.80512+05:30,0.49,36.36,29.15,0,0
399,device1,2025-11-11 18:30:31.297418+05:30,13.88,43.14,27.38,0,0
400,device2,2025-11-11 18:30:43.891171+05:30,0.49,36.29,29.14,0,0
401,device1,2025-11-11 18:30:45.017098+05:30,13.99,42.22,27.22,0,0
402,device2,2025-11-11 18:30:58.796113+05:30,0.49,36.28,29.14,0,0
403,device1,2025-11-11 18:31:00.23017+05:30,13.98,41.17,27.06,0,0
404,device2,2025-11-11 18:31:13.704567+05:30,0.49,36.24,29.14,0,0
405,device1,2025-11-11 18:31:15.152418+05:30,13.90,41.06,26.90,0,0
406,device2,2025-11-11 18:31:29.783937+05:30,0.49,36.23,29.16,0,0
407,device1,2025-11-11 18:31:31.349069+05:30,13.98,41.19,26.74,0,0
408,device2,2025-11-11 18:31:43.929357+05:30,0.49,36.16,29.15,0,0
409,device1,2025-11-11 18:31:45.529827+05:30,13.98,41.28,26.62,0,0
410,device2,2025-11-11 18:31:59.478592+05:30,0.49,36.18,29.14,0,0
411,device1,2025-11-11 18:32:00.41238+05:30,13.89,41.40,26.50,0,0
412,device2,2025-11-11 18:32:14.317048+05:30,0.49,36.14,29.15,0,0
413,device1,2025-11-11 18:32:15.462025+05:30,13.89,41.41,26.38,0,0
414,device2,2025-11-11 18:32:29.170352+05:30,0.49,36.13,29.14,0,0
415,device1,2025-11-11 18:32:30.326586+05:30,13.96,41.56,26.27,0,0
416,device2,2025-11-11 18:32:43.951912+05:30,0.49,36.13,29.13,0,0
417,device1,2025-11-11 18:32:45.459721+05:30,13.96,41.95,26.19,0,0
418,device2,2025-11-11 18:32:58.783127+05:30,0.49,36.17,29.14,0,0
419,device1,2025-11-11 18:33:00.285193+05:30,13.95,43.61,26.14,0,0
420,device2,2025-11-11 18:33:13.979356+05:30,0.49,36.23,29.15,0,0
421,device1,2025-11-11 18:33:27.631128+05:30,0.50,42.25,26.46,0,0
422,device1,2025-11-11 18:33:41.582067+05:30,0.49,42.04,26.29,0,0
423,device1,2025-11-11 18:33:56.888938+05:30,0.49,42.07,26.16,0,0
424,device1,2025-11-11 18:34:11.739591+05:30,0.50,42.12,26.04,0,0
425,device1,2025-11-11 18:34:26.705917+05:30,0.49,42.23,25.91,0,0
426,device2,2025-11-11 18:34:32.476386+05:30,10.92,36.63,29.76,0,0
427,device1,2025-11-11 18:34:41.581546+05:30,0.49,42.30,25.84,0,0
428,device2,2025-11-11 18:34:46.406526+05:30,11.07,36.28,29.64,0,0
429,device1,2025-11-11 18:34:56.839013+05:30,0.47,42.26,25.75,0,0
430,device2,2025-11-11 18:35:01.675553+05:30,11.01,36.24,29.54,0,0
431,device1,2025-11-11 18:35:11.585796+05:30,0.51,42.42,25.69,0,0
432,device2,2025-11-11 18:35:16.824525+05:30,10.98,36.20,29.44,0,0
433,device2,2025-11-11 18:35:38.541315+05:30,11.05,36.23,29.36,0,0
434,device2,2025-11-11 18:35:48.337785+05:30,11.01,36.25,29.28,0,0
435,device2,2025-11-11 18:36:07.349681+05:30,10.81,36.28,29.21,0,0
436,device1,2025-11-11 18:36:19.64731+05:30,0.49,42.49,25.60,0,0
437,device1,2025-11-11 18:36:19.649928+05:30,0.47,42.79,25.50,0,0
438,device2,2025-11-11 18:36:23.903154+05:30,10.81,36.32,29.14,0,0
439,device1,2025-11-11 18:36:26.988902+05:30,0.50,42.87,25.45,0,0
440,device2,2025-11-11 18:36:31.772664+05:30,11.00,36.45,29.06,0,0
441,device1,2025-11-11 18:36:40.004959+05:30,0.50,42.76,25.40,0,0
442,device2,2025-11-11 18:36:47.292823+05:30,11.01,36.55,28.99,0,0
443,device1,2025-11-11 18:36:54.92595+05:30,0.50,42.77,25.40,0,0
444,device1,2025-11-11 18:37:10.170492+05:30,0.50,42.66,25.39,0,0
445,device1,2025-11-11 18:37:25.056461+05:30,0.50,42.77,25.36,0,0
446,device1,2025-11-11 18:37:39.934295+05:30,0.49,42.92,25.31,0,0
447,device1,2025-11-11 18:37:55.273377+05:30,0.50,43.04,25.24,0,0
448,device1,2025-11-11 18:38:10.537785+05:30,0.50,43.14,25.21,0,0
449,device1,2025-11-11 18:38:27.838839+05:30,0.47,43.55,25.18,0,0
450,device1,2025-11-11 18:40:45.102462+05:30,0.50,44.33,25.07,0,0
451,device1,2025-11-11 18:40:59.24393+05:30,0.50,44.41,25.06,0,0
452,device1,2025-11-11 18:41:14.225456+05:30,0.50,44.68,25.09,0,0
453,device1,2025-11-11 18:41:29.185586+05:30,0.51,44.62,25.09,0,0
454,device1,2025-11-11 18:41:44.119706+05:30,0.51,44.70,25.08,0,0
455,device1,2025-11-11 18:41:59.294644+05:30,0.48,44.51,25.07,0,0
456,device1,2025-11-11 18:42:14.977641+05:30,0.50,44.55,25.08,0,0
457,device1,2025-11-11 18:42:29.396297+05:30,0.51,44.54,25.11,0,0
458,device1,2025-11-11 18:42:43.998235+05:30,0.48,44.46,25.11,0,0
459,device1,2025-11-11 18:42:59.082805+05:30,0.50,44.40,25.12,0,0
460,device1,2025-11-11 18:43:14.103143+05:30,0.51,44.28,25.13,0,0
461,device1,2025-11-11 18:43:29.47255+05:30,0.48,44.26,25.15,0,0
462,device1,2025-11-11 18:43:44.133115+05:30,0.51,44.30,25.13,0,0
463,device1,2025-11-11 18:43:59.209898+05:30,0.48,44.44,25.14,0,0
464,device1,2025-11-11 18:44:14.337991+05:30,0.49,44.33,25.14,0,0
465,device1,2025-11-11 18:44:29.391379+05:30,0.51,44.16,25.15,0,0
466,device1,2025-11-11 18:44:44.409591+05:30,0.51,44.06,25.17,0,0
467,device1,2025-11-11 18:44:59.571373+05:30,0.49,44.01,25.16,0,0
468,device1,2025-11-11 18:45:14.290797+05:30,0.51,44.09,25.17,0,0
469,device1,2025-11-11 18:45:29.259675+05:30,0.51,44.06,25.19,0,0
470,device1,2025-11-11 18:45:45.942769+05:30,0.50,43.95,25.18,0,0
471,device1,2025-11-11 18:45:59.307865+05:30,0.52,44.00,25.19,0,0
472,device1,2025-11-11 18:46:14.252303+05:30,0.48,43.88,25.21,0,0
473,device1,2025-11-11 18:46:29.259217+05:30,0.51,43.93,25.18,0,0
474,device1,2025-11-11 18:46:44.419511+05:30,0.49,43.95,25.18,0,0
475,device1,2025-11-11 18:46:59.341315+05:30,0.51,43.95,25.17,0,0
476,device1,2025-11-11 18:47:14.282254+05:30,0.52,44.01,25.14,0,0
477,device1,2025-11-11 18:47:29.064097+05:30,0.50,44.04,25.13,0,0
478,device1,2025-11-11 18:47:44.192052+05:30,0.51,43.96,25.14,0,0
479,device1,2025-11-11 18:47:59.313039+05:30,0.52,43.80,25.16,0,0
480,device1,2025-11-11 18:48:14.256557+05:30,0.49,43.80,25.20,0,0
481,device1,2025-11-11 18:48:29.169557+05:30,0.49,43.59,25.21,0,0
482,device1,2025-11-11 18:48:44.673913+05:30,0.50,43.57,25.24,0,0
483,device1,2025-11-11 18:48:59.04554+05:30,0.50,43.55,25.27,0,0
484,device1,2025-11-11 18:49:14.407243+05:30,0.51,43.44,25.29,0,0
485,device1,2025-11-11 18:49:29.83137+05:30,0.49,43.36,25.31,0,0
486,device1,2025-11-11 18:49:44.535398+05:30,0.51,43.34,25.32,0,0
487,device1,2025-11-11 18:49:59.583569+05:30,0.52,43.35,25.34,0,0
488,device1,2025-11-11 18:50:14.285187+05:30,0.52,43.30,25.33,0,0
489,device1,2025-11-11 18:50:29.18069+05:30,0.52,43.40,25.33,0,0
490,device1,2025-11-11 18:50:44.220448+05:30,0.52,43.24,25.37,0,0
491,device1,2025-11-11 18:50:59.288235+05:30,0.52,43.20,25.41,0,0
492,device1,2025-11-11 18:51:14.535918+05:30,0.51,43.03,25.48,0,0
493,device1,2025-11-11 18:51:29.184146+05:30,0.51,42.87,25.51,0,0
494,device1,2025-11-11 18:51:44.205639+05:30,0.50,42.94,25.53,0,0
495,device1,2025-11-11 18:51:59.585617+05:30,0.52,42.90,25.52,0,0
496,device1,2025-11-11 18:52:14.221382+05:30,0.51,42.95,25.50,0,0
497,device1,2025-11-11 18:52:29.191895+05:30,0.51,43.09,25.49,0,0
498,device1,2025-11-11 18:52:44.180853+05:30,0.52,43.10,25.46,0,0
499,device1,2025-11-11 18:52:59.324762+05:30,0.51,43.18,25.45,0,0
500,device1,2025-11-11 18:53:14.244425+05:30,0.50,43.01,25.45,0,0
501,device1,2025-11-11 18:53:29.141307+05:30,0.52,42.98,25.45,0,0
502,device1,2025-11-11 18:53:44.35218+05:30,0.52,42.83,25.45,0,0
503,device1,2025-11-11 18:53:59.340441+05:30,0.51,42.85,25.46,0,0
504,device1,2025-11-11 18:54:14.542978+05:30,0.52,42.85,25.46,0,0
505,device1,2025-11-11 18:54:29.293135+05:30,0.52,42.90,25.46,0,0
506,device1,2025-11-11 18:54:44.358711+05:30,0.49,42.86,25.48,0,0
507,device1,2025-11-11 18:54:59.973337+05:30,0.52,42.74,25.49,0,0
508,device1,2025-11-11 18:55:14.262541+05:30,0.50,42.63,25.49,0,0
509,device1,2025-11-11 18:55:29.479258+05:30,0.52,42.64,25.48,0,0
510,device1,2025-11-11 18:55:44.36054+05:30,0.52,42.75,25.49,0,0
511,device1,2025-11-11 18:55:59.311875+05:30,0.52,42.74,25.48,0,0
512,device1,2025-11-11 18:56:14.456126+05:30,0.52,42.81,25.48,0,0
513,device1,2025-11-11 18:56:29.293226+05:30,0.52,42.81,25.48,0,0
514,device1,2025-11-11 18:56:46.627387+05:30,0.52,42.82,25.47,0,0
515,device1,2025-11-11 18:57:00.069772+05:30,0.52,42.80,25.46,0,0
516,device1,2025-11-11 18:57:14.418998+05:30,0.51,42.85,25.48,0,0
517,device1,2025-11-11 18:57:29.282239+05:30,0.52,42.73,25.49,0,0
518,device1,2025-11-11 18:57:44.500532+05:30,0.52,42.69,25.50,0,0
519,device1,2025-11-11 18:57:59.264811+05:30,0.50,42.68,25.49,0,0
520,device1,2025-11-11 18:58:14.516312+05:30,0.52,42.70,25.50,0,0
521,device1,2025-11-11 18:58:29.661397+05:30,0.53,42.70,25.49,0,0
522,device1,2025-11-11 18:58:44.278321+05:30,0.53,42.67,25.47,0,0
523,device1,2025-11-11 18:59:00.581236+05:30,0.50,42.73,25.46,0,0
524,device1,2025-11-11 18:59:14.499107+05:30,0.52,42.79,25.47,0,0
525,device1,2025-11-11 18:59:30.429367+05:30,0.53,42.74,25.45,0,0
526,device1,2025-11-11 18:59:44.620596+05:30,0.53,42.77,25.45,0,0
527,device1,2025-11-11 18:59:59.272694+05:30,0.52,42.71,25.46,0,0
528,device1,2025-11-11 19:00:14.95205+05:30,0.52,42.62,25.46,0,0
529,device1,2025-11-11 19:00:29.424516+05:30,0.53,42.67,25.43,0,0
530,device1,2025-11-11 19:00:44.252268+05:30,0.52,42.65,25.44,0,0
531,device1,2025-11-11 19:00:59.332387+05:30,0.52,42.57,25.46,0,0
532,device1,2025-11-11 19:01:14.510932+05:30,0.52,42.52,25.44,0,0
533,device1,2025-11-11 19:01:29.197777+05:30,0.52,42.56,25.46,0,0
534,device1,2025-11-11 19:01:44.455902+05:30,0.53,42.45,25.45,0,0
535,device1,2025-11-11 19:01:59.761003+05:30,0.52,42.57,25.44,0,0
536,device1,2025-11-11 19:02:14.374862+05:30,0.54,42.61,25.43,0,0
537,device1,2025-11-11 19:02:29.606238+05:30,0.53,42.56,25.40,0,0
538,device1,2025-11-11 19:02:44.917293+05:30,0.51,42.62,25.40,0,0
539,device1,2025-11-11 19:02:59.408087+05:30,0.51,42.59,25.43,0,0
540,device1,2025-11-11 19:03:16.681822+05:30,0.51,42.47,25.47,0,0
541,device1,2025-11-11 19:03:29.956331+05:30,0.53,42.34,25.47,0,0
542,device1,2025-11-11 19:03:44.608473+05:30,0.53,42.32,25.44,0,0
543,device1,2025-11-11 19:04:03.706382+05:30,0.53,42.43,25.43,0,0
544,device1,2025-11-11 19:04:14.334177+05:30,0.51,42.38,25.43,0,0
545,device1,2025-11-11 19:04:29.769221+05:30,0.54,42.33,25.42,0,0
546,device1,2025-11-11 19:04:44.611621+05:30,0.52,42.43,25.42,0,0
547,device1,2025-11-11 19:04:59.295727+05:30,0.54,42.33,25.44,0,0
548,device1,2025-11-11 19:05:14.522453+05:30,0.54,42.23,25.45,0,0
549,device1,2025-11-11 19:05:29.570592+05:30,0.52,42.22,25.47,0,0
550,device1,2025-11-11 19:05:44.491356+05:30,0.54,42.33,25.47,0,0
551,device1,2025-11-11 19:05:59.589231+05:30,0.53,42.35,25.47,0,0
552,device1,2025-11-11 19:06:14.67731+05:30,0.51,42.27,25.48,0,0
553,device1,2025-11-11 19:06:29.491986+05:30,0.53,42.19,25.49,0,0
554,device1,2025-11-11 19:06:45.842639+05:30,0.52,42.23,25.48,0,0
555,device1,2025-11-11 19:06:59.30756+05:30,0.51,42.26,25.49,0,0
556,device1,2025-11-11 19:07:14.29197+05:30,0.53,42.21,25.52,0,0
557,device1,2025-11-11 19:07:29.352502+05:30,0.53,42.07,25.55,0,0
558,device1,2025-11-11 19:07:44.525542+05:30,0.53,41.96,25.56,0,0
559,device1,2025-11-11 19:07:59.405511+05:30,0.53,41.99,25.58,0,0
560,device1,2025-11-11 19:08:14.651883+05:30,0.53,42.05,25.59,0,0
561,device1,2025-11-11 19:08:29.432428+05:30,0.53,41.97,25.60,0,0
562,device1,2025-11-11 19:08:44.673663+05:30,0.53,41.89,25.60,0,0
563,device1,2025-11-11 19:08:59.594929+05:30,0.53,41.93,25.61,0,0
564,device1,2025-11-11 19:09:14.63597+05:30,0.50,41.89,25.62,0,0
565,device1,2025-11-11 19:09:29.507184+05:30,0.50,41.88,25.59,0,0
566,device1,2025-11-11 19:09:45.200042+05:30,0.51,41.99,25.54,0,0
567,device1,2025-11-11 19:10:00.237693+05:30,0.51,42.04,25.54,0,0
568,device1,2025-11-11 19:10:14.687565+05:30,0.51,42.02,25.56,0,0
569,device1,2025-11-11 19:10:29.548002+05:30,0.52,41.98,25.54,0,0
570,device1,2025-11-11 19:10:44.763545+05:30,0.53,42.13,25.50,0,0
571,device1,2025-11-11 19:11:00.045671+05:30,0.52,42.26,25.47,0,0
572,device1,2025-11-11 19:11:14.483828+05:30,0.53,42.29,25.42,0,0
573,device1,2025-11-11 19:11:29.595981+05:30,0.53,42.45,25.37,0,0
574,device1,2025-11-11 19:11:44.449707+05:30,0.54,42.60,25.33,0,0
575,device1,2025-11-11 19:11:59.710512+05:30,0.51,42.66,25.31,0,0
576,device1,2025-11-11 19:12:18.950036+05:30,0.53,42.70,25.26,0,0
577,device1,2025-11-11 19:12:29.610573+05:30,0.51,42.84,25.24,0,0
578,device1,2025-11-11 19:16:31.219893+05:30,0.56,42.80,25.22,0,0
579,device1,2025-11-11 19:16:45.958167+05:30,0.59,42.67,25.23,0,0
580,device1,2025-11-11 19:17:00.903533+05:30,0.59,42.56,25.24,0,0
581,device1,2025-11-11 19:17:15.867196+05:30,0.58,42.58,25.25,0,0
582,device1,2025-11-11 19:17:31.240758+05:30,0.59,43.16,25.30,0,0
583,device1,2025-11-11 19:17:45.959765+05:30,0.59,42.56,25.34,0,0
584,device1,2025-11-11 19:18:00.908053+05:30,0.60,42.42,25.35,0,0
585,device1,2025-11-11 19:18:15.960153+05:30,0.60,42.45,25.38,0,0
586,device1,2025-11-11 19:18:30.911431+05:30,0.59,42.36,25.41,0,0
587,device1,2025-11-11 19:18:45.970532+05:30,0.58,42.19,25.44,0,0
588,device1,2025-11-11 19:19:01.027148+05:30,0.60,42.15,25.49,0,0
589,device1,2025-11-11 19:19:15.96726+05:30,0.62,42.01,25.51,0,0
590,device1,2025-11-11 19:19:31.025118+05:30,0.61,41.97,25.56,0,0
591,device1,2025-11-11 19:19:45.971305+05:30,0.60,41.80,25.61,0,0
592,device1,2025-11-11 19:20:01.026306+05:30,0.61,41.76,25.66,0,0
593,device1,2025-11-11 19:20:15.976466+05:30,0.61,41.65,25.68,0,0
594,device1,2025-11-11 19:20:30.924274+05:30,0.60,41.63,25.69,0,0
595,device1,2025-11-11 19:20:45.980885+05:30,0.62,41.68,25.70,0,0
596,device1,2025-11-11 19:21:00.932854+05:30,0.62,41.63,25.72,0,0
597,device1,2025-11-11 19:21:15.99417+05:30,0.61,41.51,25.74,0,0
598,device1,2025-11-11 19:21:30.934077+05:30,0.59,41.49,25.74,0,0
599,device1,2025-11-11 19:21:45.982604+05:30,0.62,41.49,25.76,0,0
600,device1,2025-11-11 19:22:01.050294+05:30,0.62,41.34,25.80,0,0
601,device1,2025-11-11 19:22:15.987793+05:30,0.62,41.21,25.83,0,0
602,device1,2025-11-11 19:22:30.938763+05:30,0.62,41.27,25.82,0,0
603,device1,2025-11-11 19:22:45.985906+05:30,0.62,41.29,25.85,0,0
604,device1,2025-11-11 19:23:00.939208+05:30,0.60,41.33,25.87,0,0
605,device1,2025-11-11 19:23:16.502259+05:30,0.61,41.23,25.91,0,0
606,device1,2025-11-11 19:23:30.937836+05:30,0.61,41.05,25.93,0,0
607,device1,2025-11-11 19:23:45.993451+05:30,0.60,41.06,25.94,0,0
608,device1,2025-11-11 19:24:00.94246+05:30,0.61,41.07,25.95,0,0
609,device1,2025-11-11 19:24:15.919236+05:30,0.61,41.01,25.97,0,0
610,device1,2025-11-11 19:24:30.942145+05:30,0.62,40.99,25.96,0,0
611,device1,2025-11-11 19:24:45.996719+05:30,0.62,41.05,25.97,0,0
612,device1,2025-11-11 19:25:00.93087+05:30,0.62,41.02,25.97,0,0
613,device1,2025-11-11 19:25:16.000516+05:30,0.59,41.02,25.97,0,0
614,device1,2025-11-11 19:25:30.949402+05:30,0.62,41.08,25.95,0,0
615,device1,2025-11-11 19:26:28.578448+05:30,0.59,41.04,26.41,0,0
616,device1,2025-11-11 19:26:46.189453+05:30,0.58,41.10,26.30,0,0
617,device1,2025-11-11 19:26:58.508425+05:30,0.56,41.00,26.23,0,0
618,device1,2025-11-11 19:27:13.491037+05:30,0.57,40.95,26.14,0,0
619,device1,2025-11-11 19:27:28.504386+05:30,0.55,41.04,26.07,0,0
620,device1,2025-11-11 19:27:43.361582+05:30,0.57,41.10,26.02,0,0
621,device1,2025-11-11 19:27:58.51717+05:30,0.56,41.16,25.97,0,0
622,device1,2025-11-11 19:28:14.078759+05:30,0.56,41.06,25.93,0,0
623,device1,2025-11-11 19:28:28.856007+05:30,0.56,41.12,25.90,0,0
624,device1,2025-11-11 19:28:43.354085+05:30,0.53,40.98,25.92,0,0
625,device1,2025-11-11 19:28:58.516381+05:30,0.55,40.98,25.94,0,0
626,device1,2025-11-11 19:29:13.457822+05:30,0.54,40.84,25.97,0,0
627,device1,2025-11-11 19:29:41.371292+05:30,0.52,40.76,26.43,0,0
628,device1,2025-11-11 19:29:56.786255+05:30,0.52,40.94,26.27,0,0
629,device1,2025-11-11 19:30:11.212277+05:30,0.53,40.99,26.17,0,0
630,device1,2025-11-11 19:30:26.370383+05:30,0.56,41.16,26.11,0,0
631,device1,2025-11-11 19:30:41.423992+05:30,0.53,41.23,26.05,0,0
632,device1,2025-11-11 19:30:56.268352+05:30,0.55,41.00,26.03,0,0
633,device1,2025-11-11 19:31:11.426362+05:30,0.54,40.89,26.02,0,0
634,device1,2025-11-11 19:31:26.381313+05:30,0.55,40.83,26.01,0,0
635,device1,2025-11-11 19:31:41.530014+05:30,0.52,40.73,25.99,0,0
636,device1,2025-11-11 19:31:56.326841+05:30,0.52,40.77,25.98,0,0
637,device1,2025-11-11 19:32:11.226613+05:30,0.53,40.84,25.97,0,0
638,device1,2025-11-11 19:32:26.381327+05:30,0.54,40.88,25.97,0,0
639,device1,2025-11-11 19:33:16.457299+05:30,0.55,41.03,25.95,0,0
640,device1,2025-11-11 19:33:31.194522+05:30,0.52,40.98,25.91,0,0
641,device1,2025-11-11 19:33:46.558593+05:30,0.51,41.02,25.85,0,0
642,device1,2025-11-11 19:37:02.135139+05:30,0.46,41.11,26.01,0,0
643,device1,2025-11-11 19:37:16.586771+05:30,0.47,40.83,25.98,0,0
644,device1,2025-11-11 19:37:31.437876+05:30,0.47,40.96,25.90,0,0
645,device1,2025-11-11 19:37:46.379096+05:30,0.48,41.05,25.83,0,0
646,device1,2025-11-11 19:38:01.532619+05:30,0.47,41.12,25.80,0,0
647,device1,2025-11-11 20:00:45.317864+05:30,0.51,42.99,24.86,0,0
648,device1,2025-11-11 20:01:02.965193+05:30,0.53,42.77,24.81,0,0
649,device1,2025-11-11 20:01:06.931522+05:30,0.51,42.82,24.73,0,0
650,device1,2025-11-11 20:01:20.828642+05:30,0.52,42.84,24.70,0,0
651,device1,2025-11-11 20:01:35.814541+05:30,0.53,42.81,24.69,0,0
652,device1,2025-11-11 20:01:50.988512+05:30,0.53,42.74,24.69,0,0
653,device1,2025-11-11 20:02:06.663197+05:30,0.52,42.73,24.67,0,0
654,device1,2025-11-11 20:02:21.171107+05:30,0.53,42.77,24.63,0,0
655,device1,2025-11-11 20:02:36.224878+05:30,0.53,42.82,24.62,0,0
656,device1,2025-11-11 20:02:51.574159+05:30,0.52,42.76,24.61,0,0
657,device1,2025-11-11 20:03:06.683479+05:30,0.50,42.87,24.58,0,0
658,device1,2025-11-11 20:03:21.257615+05:30,0.51,42.85,24.56,0,0
659,device1,2025-11-11 20:03:37.47817+05:30,0.54,42.92,24.56,0,0
660,device1,2025-11-11 20:03:51.867077+05:30,0.53,42.87,24.56,0,0
661,device1,2025-11-11 20:04:06.746803+05:30,0.51,42.77,24.57,0,0
662,device1,2025-11-11 20:04:21.733829+05:30,0.53,42.67,24.56,0,0
663,device1,2025-11-11 20:04:36.258699+05:30,0.54,42.71,24.57,0,0
664,device1,2025-11-11 20:04:51.791547+05:30,0.51,42.72,24.60,0,0
665,device1,2025-11-11 20:05:06.579973+05:30,0.54,42.52,24.67,0,0
666,device1,2025-11-11 20:05:21.565478+05:30,0.54,42.31,24.73,0,0
667,device1,2025-11-12 17:33:16.203903+05:30,0.45,52.28,26.79,0,0
668,device1,2025-11-12 17:33:31.212496+05:30,0.47,56.07,26.84,0,0
669,device1,2025-11-12 17:33:46.231089+05:30,0.48,54.32,26.89,0,0
670,device1,2025-11-12 17:34:01.330507+05:30,0.47,53.90,26.96,0,0
671,device1,2025-11-12 17:34:16.388612+05:30,0.45,57.08,26.90,0,0
672,device1,2025-11-12 17:34:31.369737+05:30,0.50,61.47,26.85,0,0
673,device1,2025-11-12 17:34:46.604091+05:30,0.50,65.35,26.84,0,0
674,device1,2025-11-12 17:35:01.308685+05:30,0.48,65.02,26.82,23.190361,72.627525
675,device1,2025-11-12 17:35:16.231665+05:30,0.49,65.93,26.87,23.190367,72.627541
676,device1,2025-11-12 17:36:43.677605+05:30,0.52,64.15,26.87,23.190323,72.627602
677,device1,2025-11-12 17:36:56.937636+05:30,0.54,61.63,26.85,23.190367,72.627693
678,device1,2025-11-12 17:37:14.93008+05:30,0.53,67.23,26.84,23.190374,72.627693
679,device1,2025-11-12 17:37:26.468423+05:30,0.55,68.27,26.82,23.190382,72.627693
680,device1,2025-11-12 17:37:41.615465+05:30,0.53,68.70,26.81,23.190386,72.627693
681,device1,2025-11-12 17:37:58.982013+05:30,0.53,71.49,26.80,23.19038,72.627686
682,device1,2025-11-12 17:38:11.615075+05:30,0.53,65.44,26.77,23.19042,72.627716
683,device1,2025-11-12 17:38:26.437126+05:30,0.53,63.02,26.75,23.190453,72.627754
684,device1,2025-11-12 17:39:42.074204+05:30,0.54,60.52,26.80,23.190521,72.628059
685,device1,2025-11-12 17:39:56.755122+05:30,0.55,56.15,26.89,23.19047,72.627823
686,device1,2025-11-12 17:40:11.552002+05:30,0.57,54.65,26.98,23.190372,72.627678
687,device1,2025-11-12 17:40:26.605054+05:30,0.57,54.03,27.08,23.190504,72.627586
688,device1,2025-11-12 17:40:41.565105+05:30,0.56,53.49,27.18,23.190847,72.627632
689,device1,2025-11-12 17:40:56.813082+05:30,0.54,52.86,27.28,23.191292,72.627983
690,device1,2025-11-12 17:41:11.620628+05:30,0.57,52.42,27.37,23.191191,72.627831
691,device1,2025-11-12 17:41:26.714449+05:30,0.55,51.93,27.45,23.191378,72.627968
692,device1,2025-11-12 17:41:41.642488+05:30,0.55,51.63,27.53,23.190699,72.62796
693,device1,2025-11-12 17:41:56.671735+05:30,0.57,51.44,27.59,23.18992,72.628052
694,device1,2025-11-12 17:42:11.683374+05:30,0.57,51.18,27.65,23.190083,72.627937
695,device1,2025-11-12 17:42:26.630886+05:30,0.55,51.34,27.72,23.190083,72.627937
696,device1,2025-11-12 17:42:41.580131+05:30,0.57,51.35,27.79,23.190083,72.627937
697,device1,2025-11-12 17:42:56.606041+05:30,0.57,50.99,27.85,23.190083,72.627937
698,device1,2025-11-12 17:43:11.569276+05:30,0.58,50.84,27.91,23.190083,72.627937
699,device1,2025-11-12 17:43:26.598455+05:30,0.56,50.58,27.96,23.190083,72.627937
700,device1,2025-11-12 17:43:41.674049+05:30,0.56,50.54,28.02,23.190083,72.627937
701,device1,2025-11-12 17:43:56.670219+05:30,0.55,50.41,28.07,23.190083,72.627937
702,device1,2025-11-12 17:44:11.638458+05:30,0.58,50.02,28.13,23.190083,72.627937
703,device1,2025-11-12 17:44:26.607772+05:30,0.58,50.00,28.18,23.190083,72.627937
704,device1,2025-11-12 17:44:41.741257+05:30,0.58,50.07,28.23,23.190083,72.627937
705,device1,2025-11-12 17:44:56.63048+05:30,0.58,50.22,28.29,23.190083,72.627937
706,device1,2025-11-12 17:45:11.682573+05:30,0.58,49.80,28.33,23.190083,72.627937
707,device1,2025-11-12 17:45:26.636906+05:30,0.59,49.39,28.37,23.190083,72.627937
708,device1,2025-11-12 17:45:41.65207+05:30,0.57,49.61,28.41,23.190083,72.627937
709,device1,2025-11-12 17:45:56.839686+05:30,0.59,49.45,28.45,23.190083,72.627937
710,device1,2025-11-12 17:46:11.64883+05:30,0.59,49.17,28.49,23.190083,72.627937
711,device1,2025-11-12 17:46:26.739426+05:30,0.59,49.57,28.53,23.190083,72.627937
712,device1,2025-11-12 17:46:41.725296+05:30,0.57,48.98,28.58,23.190083,72.627937
713,device1,2025-11-12 17:46:56.705305+05:30,0.57,48.69,28.62,23.190083,72.627937
714,device1,2025-11-12 17:47:11.709882+05:30,0.58,48.66,28.66,23.190083,72.627937
715,device1,2025-11-12 17:47:26.699518+05:30,0.57,48.54,28.71,23.190083,72.627937
716,device1,2025-11-12 17:47:41.6967+05:30,0.57,48.54,28.75,23.190083,72.627937
717,device1,2025-11-12 17:47:56.677016+05:30,0.58,48.41,28.79,23.190083,72.627937
718,device1,2025-11-12 17:48:11.769059+05:30,0.58,48.33,28.83,23.190083,72.627937
719,device1,2025-11-12 17:48:26.750062+05:30,0.61,48.23,28.88,23.190083,72.627937
720,device1,2025-11-12 17:48:41.698609+05:30,0.59,48.22,28.92,23.190083,72.627937
721,device1,2025-11-12 17:48:56.70771+05:30,0.58,48.08,28.96,23.190083,72.627937
722,device1,2025-11-12 17:49:11.732065+05:30,0.59,48.01,29.00,23.190083,72.627937
723,device1,2025-11-12 17:49:26.718834+05:30,0.61,47.98,29.04,23.190083,72.627937
724,device1,2025-11-12 17:49:41.849827+05:30,0.61,47.85,29.08,23.190083,72.627937
725,device1,2025-11-12 17:49:56.7753+05:30,0.61,47.78,29.12,23.190083,72.627937
726,device1,2025-11-12 17:50:11.706089+05:30,0.61,47.67,29.15,23.190083,72.627937
727,device1,2025-11-12 17:50:26.874457+05:30,0.61,47.67,29.18,23.190083,72.627937
728,device1,2025-11-12 17:50:41.703069+05:30,0.59,47.56,29.22,23.190083,72.627937
729,device1,2025-11-12 17:50:57.085701+05:30,0.58,47.64,29.25,23.190083,72.627937
730,device1,2025-11-12 17:51:11.720863+05:30,0.62,47.42,29.28,23.190083,72.627937
731,device1,2025-11-12 17:51:26.77189+05:30,0.61,47.34,29.32,23.190083,72.627937
732,device1,2025-11-12 17:51:42.024744+05:30,0.62,47.70,29.35,23.190083,72.627937
733,device1,2025-11-12 17:51:56.725293+05:30,0.61,47.48,29.39,23.190083,72.627937
734,device1,2025-11-12 17:52:11.743177+05:30,0.61,47.19,29.42,23.190083,72.627937
735,device1,2025-11-12 17:52:26.726488+05:30,0.61,47.20,29.45,23.190083,72.627937
736,device1,2025-11-12 17:52:41.847621+05:30,0.63,47.54,29.48,23.190083,72.627937
737,device1,2025-11-12 17:52:56.784036+05:30,0.63,47.59,29.51,23.190083,72.627937
738,device1,2025-11-12 17:53:11.803205+05:30,0.63,47.35,29.53,23.190083,72.627937
739,device1,2025-11-12 17:53:28.029162+05:30,0.62,47.23,29.57,23.190083,72.627937
740,device1,2025-11-12 17:53:41.743364+05:30,0.59,47.13,29.60,23.190083,72.627937
741,device1,2025-11-12 17:53:56.761152+05:30,0.63,47.24,29.63,23.190083,72.627937
742,device1,2025-11-12 17:54:11.964804+05:30,0.62,47.17,29.67,23.190083,72.627937
743,device1,2025-11-12 17:54:26.735734+05:30,0.61,47.02,29.71,23.190083,72.627937
744,device1,2025-11-12 17:54:41.777636+05:30,0.59,46.72,29.74,23.190083,72.627937
745,device1,2025-11-12 17:54:56.731677+05:30,0.62,46.61,29.77,23.190083,72.627937
746,device1,2025-11-12 17:55:11.732065+05:30,0.59,46.57,29.80,23.190083,72.627937
747,device1,2025-11-12 17:55:26.828956+05:30,0.62,46.57,29.83,23.190083,72.627937
748,device1,2025-11-12 17:55:41.819714+05:30,0.63,46.50,29.86,23.190083,72.627937
749,device1,2025-11-12 17:55:56.731824+05:30,0.63,46.58,29.89,23.190083,72.627937
750,device1,2025-11-12 17:56:11.774115+05:30,0.63,46.49,29.92,23.190083,72.627937
751,device1,2025-11-12 17:56:26.773559+05:30,0.63,46.40,29.95,23.190083,72.627937
752,device1,2025-11-12 17:56:41.735303+05:30,0.64,46.37,29.98,23.190083,72.627937
753,device1,2025-11-12 17:56:56.989334+05:30,0.63,46.33,30.01,23.190083,72.627937
754,device1,2025-11-12 17:57:11.807521+05:30,0.64,46.25,30.05,23.190083,72.627937
755,device1,2025-11-12 17:57:26.818186+05:30,0.64,46.16,30.08,23.190083,72.627937
756,device1,2025-11-12 17:57:42.40667+05:30,0.61,46.09,30.12,23.190083,72.627937
757,device1,2025-11-12 17:57:56.816684+05:30,0.64,45.97,30.15,23.190083,72.627937
758,device1,2025-11-12 17:58:11.819288+05:30,0.61,46.65,30.17,23.190083,72.627937
759,device1,2025-11-12 17:58:27.105006+05:30,0.62,46.24,30.19,23.190083,72.627937
760,device1,2025-11-11 17:58:42.082334+05:30,0.62,46.08,30.22,23.190083,72.627937
761,device1,2025-11-11 17:58:57.029689+05:30,0.63,45.92,30.24,23.190083,72.627937
762,device1,2025-11-11 17:59:11.824092+05:30,0.64,46.90,30.25,23.190083,72.627937
763,device1,2025-11-11 17:59:27.629783+05:30,0.63,46.25,30.27,23.190083,72.627937
764,device1,2025-11-11 17:59:42.221316+05:30,0.63,46.03,30.28,23.190083,72.627937
765,device1,2025-11-11 17:59:56.79422+05:30,0.64,46.07,30.29,23.190083,72.627937
766,device1,2025-11-11 18:00:12.079131+05:30,0.64,46.03,30.30,23.190083,72.627937
767,device1,2025-11-11 18:00:26.778338+05:30,0.65,46.02,30.33,23.190083,72.627937
768,device1,2025-11-11 18:05:44.883016+05:30,0.63,45.68,30.63,23.190083,72.627937
769,device1,2025-11-11 18:05:59.413602+05:30,0.65,45.45,30.65,23.190083,72.627937
770,device1,2025-11-11 18:06:14.482696+05:30,0.64,45.25,30.66,23.190083,72.627937
771,device1,2025-11-11 18:06:29.334777+05:30,0.64,45.31,30.67,23.190083,72.627937
772,device1,2025-11-11 18:06:44.725606+05:30,0.63,45.21,30.68,23.190083,72.627937
773,device1,2025-11-11 18:06:59.344492+05:30,0.66,45.20,30.68,23.190083,72.627937
774,device1,2025-11-11 18:07:14.333741+05:30,0.64,45.14,30.69,23.190083,72.627937
775,device1,2025-11-11 18:07:29.618414+05:30,0.64,45.19,30.69,23.190083,72.627937
776,device1,2025-11-11 18:07:44.373747+05:30,0.65,45.21,30.69,23.190083,72.627937
777,device1,2025-11-11 18:07:59.313403+05:30,0.66,45.12,30.69,23.190083,72.627937
778,device1,2025-11-11 18:08:14.33193+05:30,0.66,45.10,30.70,23.190083,72.627937
779,device1,2025-11-11 18:08:29.618827+05:30,0.66,45.09,30.70,23.190083,72.627937
780,device1,2025-11-11 18:08:44.352003+05:30,0.64,45.12,30.70,23.190083,72.627937
781,device1,2025-11-11 18:08:59.850496+05:30,0.66,45.07,30.69,23.190083,72.627937
782,device1,2025-11-11 18:09:14.630291+05:30,0.64,45.10,30.68,23.190083,72.627937
783,device1,2025-11-11 18:09:29.58338+05:30,0.64,45.19,30.68,23.190083,72.627937
784,device1,2025-11-11 18:09:44.301266+05:30,0.64,45.20,30.68,23.190083,72.627937
785,device1,2025-11-11 18:09:59.417647+05:30,0.66,45.17,30.68,23.190083,72.627937
786,device1,2025-11-11 18:10:14.49984+05:30,0.66,45.21,30.68,23.190083,72.627937
787,device1,2025-11-11 18:10:29.744281+05:30,0.66,45.21,30.68,23.190083,72.627937
788,device1,2025-11-11 18:10:44.570729+05:30,0.66,45.13,30.68,23.190083,72.627937
789,device1,2025-11-11 18:10:59.316136+05:30,0.64,45.17,30.69,23.190083,72.627937
790,device1,2025-11-11 18:11:14.362685+05:30,0.64,45.18,30.70,23.190083,72.627937
791,device1,2025-11-11 18:11:29.332861+05:30,0.66,45.15,30.71,23.190083,72.627937
792,device1,2025-11-11 18:11:44.502848+05:30,0.64,45.17,30.72,23.190083,72.627937
793,device1,2025-11-11 18:11:59.543831+05:30,0.64,45.14,30.72,23.190083,72.627937
794,device1,2025-11-11 18:12:14.32364+05:30,0.66,45.21,30.74,23.190083,72.627937
795,device1,2025-11-11 18:12:29.328135+05:30,0.66,45.16,30.75,23.190083,72.627937
796,device1,2025-11-11 18:12:44.366515+05:30,0.67,45.14,30.76,23.190083,72.627937
797,device1,2025-11-11 18:12:59.317266+05:30,0.67,45.09,30.76,23.190083,72.627937
798,device1,2025-11-11 18:13:14.322137+05:30,0.67,45.11,30.77,23.190083,72.627937
799,device1,2025-11-11 18:13:29.71332+05:30,0.67,45.15,30.79,23.190083,72.627937
800,device1,2025-11-11 18:13:44.349699+05:30,0.66,45.14,30.80,23.190083,72.627937
801,device1,2025-11-11 18:13:59.324446+05:30,0.65,45.07,30.82,23.190083,72.627937
802,device1,2025-11-11 18:14:14.398848+05:30,0.65,45.12,30.82,23.190083,72.627937
803,device1,2025-11-11 18:14:29.435929+05:30,0.65,45.08,30.83,23.190083,72.627937
804,device1,2025-11-11 18:14:44.528668+05:30,0.66,45.09,30.84,23.190083,72.627937
805,device1,2025-11-11 18:14:59.439068+05:30,0.67,45.12,30.85,23.190083,72.627937
806,device1,2025-11-11 18:15:14.534137+05:30,0.65,45.09,30.86,23.190083,72.627937
807,device1,2025-11-11 18:15:29.662872+05:30,0.67,45.00,30.87,23.190083,72.627937
808,device1,2025-11-11 18:15:44.437199+05:30,0.67,44.99,30.87,23.190083,72.627937
809,device1,2025-11-11 18:15:59.386509+05:30,0.64,45.01,30.88,23.190083,72.627937
810,device1,2025-11-11 18:16:15.25631+05:30,0.65,45.05,30.88,23.190083,72.627937
811,device1,2025-11-11 18:16:29.395825+05:30,0.65,45.08,30.90,23.190083,72.627937
812,device1,2025-11-11 18:16:44.339747+05:30,0.65,45.04,30.91,23.190083,72.627937
813,device1,2025-11-11 18:16:59.373549+05:30,0.67,44.93,30.92,23.190083,72.627937
814,device1,2025-11-11 18:17:14.518752+05:30,0.68,44.90,30.92,23.190083,72.627937
815,device1,2025-11-11 18:17:29.41701+05:30,0.67,44.89,30.93,23.190083,72.627937
816,device1,2025-11-11 18:17:44.751855+05:30,0.65,44.95,30.94,23.190083,72.627937
817,device1,2025-11-11 18:17:59.348443+05:30,0.65,44.92,30.95,23.190083,72.627937
818,device1,2025-11-11 18:18:14.413701+05:30,0.66,44.85,30.95,23.190083,72.627937
819,device1,2025-11-11 18:18:29.577789+05:30,0.67,46.37,30.77,23.190083,72.627937
820,device1,2025-11-11 18:18:44.515718+05:30,0.67,46.79,30.58,23.190083,72.627937
821,device1,2025-11-11 18:18:59.393241+05:30,0.68,47.51,30.42,23.190083,72.627937
822,device1,2025-11-11 18:19:14.342847+05:30,0.65,47.19,30.37,23.190083,72.627937
823,device1,2025-11-11 18:19:29.322525+05:30,0.67,46.86,30.24,23.190083,72.627937
824,device1,2025-11-11 18:19:44.362974+05:30,0.67,47.07,30.15,23.190083,72.627937
825,device1,2025-11-11 18:19:59.493285+05:30,0.64,47.40,30.02,23.190083,72.627937
826,device1,2025-11-11 18:20:14.534892+05:30,0.67,48.03,29.85,23.190083,72.627937
827,device1,2025-11-11 18:20:29.488095+05:30,0.67,48.46,29.64,23.190083,72.627937
828,device1,2025-11-11 18:20:44.357884+05:30,0.65,48.88,29.45,23.190083,72.627937
829,device1,2025-11-11 18:20:59.335453+05:30,0.67,49.19,29.30,23.190083,72.627937
830,device1,2025-11-11 18:21:14.558039+05:30,0.67,49.41,29.13,23.190083,72.627937
831,device1,2025-11-11 18:21:29.813859+05:30,0.65,49.54,28.97,23.190083,72.627937
832,device1,2025-11-11 18:21:44.494176+05:30,0.64,49.65,28.88,23.190083,72.627937
833,device1,2025-11-11 18:21:59.366673+05:30,0.67,49.56,28.80,23.190083,72.627937
834,device1,2025-11-11 18:22:14.867593+05:30,0.65,49.62,28.77,23.190083,72.627937
835,device1,2025-11-11 18:22:29.346556+05:30,0.64,49.44,28.74,23.190083,72.627937
836,device1,2025-11-11 18:22:44.577354+05:30,0.64,49.63,28.67,23.190083,72.627937
837,device1,2025-11-11 18:22:59.553024+05:30,0.66,49.65,28.66,23.190083,72.627937
838,device1,2025-11-11 18:23:14.45364+05:30,0.66,49.65,28.59,23.190083,72.627937
839,device1,2025-11-11 18:23:29.644616+05:30,0.64,49.74,28.54,23.190083,72.627937
840,device1,2025-11-11 18:23:44.368013+05:30,0.64,50.07,28.49,23.190083,72.627937
841,device1,2025-11-11 18:23:59.810136+05:30,0.65,50.11,28.39,23.190083,72.627937
842,device1,2025-11-11 18:24:14.35005+05:30,0.66,50.61,28.32,23.190083,72.627937
843,device1,2025-11-11 18:24:29.30913+05:30,0.65,50.52,28.26,23.190083,72.627937
844,device1,2025-11-11 18:24:44.633374+05:30,0.65,50.42,28.22,23.190083,72.627937
845,device1,2025-11-11 18:24:59.391235+05:30,0.62,50.61,28.18,23.190083,72.627937
846,device1,2025-11-11 18:25:14.459188+05:30,0.64,50.76,28.10,23.190083,72.627937
847,device1,2025-11-11 18:25:29.305057+05:30,0.62,50.77,28.07,23.190083,72.627937
848,device1,2025-11-11 18:25:44.34333+05:30,0.64,50.84,28.01,23.190083,72.627937
849,device1,2025-11-11 18:25:59.539435+05:30,0.62,51.04,27.89,23.190083,72.627937
850,device1,2025-11-11 18:26:14.367416+05:30,0.64,51.36,27.82,23.190083,72.627937
851,device1,2025-11-11 18:26:29.418501+05:30,0.62,51.30,27.75,23.190083,72.627937
852,device1,2025-11-11 18:26:44.300339+05:30,0.64,51.44,27.70,23.190083,72.627937
853,device1,2025-11-11 18:26:59.384604+05:30,0.64,51.62,27.64,23.190083,72.627937
854,device1,2025-11-12 19:05:20.772908+05:30,0.41,56.91,25.77,0,0
855,device1,2025-11-12 19:05:34.798812+05:30,0.44,56.67,25.72,0,0
856,device1,2025-11-12 19:05:49.316013+05:30,0.42,56.52,25.70,0,0
857,device1,2025-11-12 20:23:29.380695+05:30,0.39,0.00,0.00,0,0
858,device1,2025-11-12 20:23:43.920536+05:30,0.39,0.00,0.00,0,0
859,device1,2025-11-12 20:23:59.089472+05:30,0.39,0.00,0.00,0,0
860,device1,2025-11-12 20:24:15.462408+05:30,0.39,0.00,0.00,0,0
861,device1,2025-11-12 20:24:28.976927+05:30,0.41,0.00,0.00,0,0
862,device1,2025-11-12 20:24:44.132595+05:30,0.41,0.00,0.00,0,0
863,device1,2025-11-12 20:25:38.915457+05:30,13.84,0.00,0.00,0,0
864,device1,2025-11-12 20:25:53.559887+05:30,13.91,0.00,0.00,0,0
865,device1,2025-11-12 20:26:44.44768+05:30,0.40,0.00,0.00,0,0
866,device1,2025-11-12 20:26:58.941658+05:30,0.42,0.00,0.00,0,0
867,device1,2025-11-12 20:27:13.951537+05:30,0.43,0.00,0.00,0,0
868,device1,2025-11-12 20:27:29.09402+05:30,0.43,0.00,0.00,0,0
869,device1,2025-11-12 20:27:43.978924+05:30,0.41,0.00,0.00,0,0
870,device1,2025-11-12 20:27:58.992479+05:30,0.43,0.00,0.00,0,0
871,device1,2025-11-12 20:28:14.149546+05:30,0.44,0.00,0.00,0,0
872,device1,2025-11-12 20:28:29.09999+05:30,0.45,0.00,0.00,0,0
873,device1,2025-11-12 20:28:45.186746+05:30,0.36,0.00,0.00,0,0
874,device1,2025-11-12 20:28:59.210935+05:30,0.37,0.00,0.00,0,0
875,device1,2025-11-11 20:29:14.152585+05:30,0.37,0.00,0.00,0,0
876,device1,2025-11-11 20:29:29.109478+05:30,0.38,0.00,0.00,0,0
877,device1,2025-11-11 20:29:44.054117+05:30,0.37,0.00,0.00,0,0
878,device1,2025-11-11 20:29:59.210524+05:30,0.38,0.00,0.00,0,0
879,device1,2025-11-11 20:30:14.029728+05:30,0.38,0.00,0.00,0,0
880,device1,2025-11-11 20:30:29.108826+05:30,0.38,0.00,0.00,0,0
881,device1,2025-11-11 20:30:44.268648+05:30,0.38,0.00,0.00,0,0
882,device1,2025-11-11 20:30:59.213959+05:30,0.38,0.00,0.00,0,0
883,device1,2025-11-11 20:31:14.171812+05:30,0.38,0.00,0.00,0,0
884,device1,2025-11-11 20:31:29.112042+05:30,0.38,0.00,0.00,0,0
885,device1,2025-11-11 20:31:44.268652+05:30,0.39,0.00,0.00,0,0
886,device1,2025-11-11 20:31:59.065105+05:30,0.39,0.00,0.00,0,0
887,device1,2025-11-11 20:32:14.168953+05:30,0.39,0.00,0.00,0,0
888,device1,2025-11-11 20:32:29.117582+05:30,0.39,0.00,0.00,0,0
889,device1,2025-11-11 20:32:44.273995+05:30,0.39,0.00,0.00,0,0
890,device1,2025-11-11 20:32:59.531794+05:30,0.39,0.00,0.00,0,0
891,device1,2025-11-11 20:33:14.174224+05:30,0.39,0.00,0.00,0,0
892,device1,2025-11-11 20:33:29.126098+05:30,0.39,0.00,0.00,0,0
893,device1,2025-11-11 20:33:44.285762+05:30,0.39,0.00,0.00,0,0
894,device1,2025-11-11 20:33:59.230137+05:30,0.39,0.00,0.00,0,0
895,device1,2025-11-11 20:34:14.178871+05:30,0.39,0.00,0.00,0,0
896,device1,2025-11-11 20:34:29.131962+05:30,0.39,0.00,0.00,0,0
897,device1,2025-11-11 20:34:44.298084+05:30,0.40,0.00,0.00,0,0
898,device1,2025-11-11 20:34:59.23577+05:30,0.40,0.00,0.00,0,0
899,device1,2025-11-11 20:35:14.186218+05:30,0.40,0.00,0.00,0,0
900,device1,2025-11-11 20:35:29.142386+05:30,0.40,0.00,0.00,0,0
901,device1,2025-11-11 20:35:44.29425+05:30,0.39,0.00,0.00,0,0
902,device1,2025-11-11 20:35:59.242096+05:30,0.40,0.00,0.00,0,0
903,device1,2025-11-11 20:36:14.190398+05:30,0.40,0.00,0.00,0,0
904,device1,2025-11-11 20:36:29.141082+05:30,0.40,0.00,0.00,0,0
905,device1,2025-11-11 20:36:44.296091+05:30,0.40,0.00,0.00,0,0
906,device1,2025-11-11 20:36:59.246411+05:30,0.40,0.00,0.00,0,0
907,device1,2025-11-11 20:38:44.302914+05:30,0.41,0.00,0.00,0,0
908,device1,2025-11-11 20:38:59.253658+05:30,0.41,0.00,0.00,0,0
909,device1,2025-11-11 20:39:14.206902+05:30,0.41,0.00,0.00,0,0
910,device1,2025-11-11 20:42:10.945819+05:30,0.42,0.00,0.00,0,0
911,device1,2025-11-11 20:42:25.895553+05:30,0.42,0.00,0.00,0,0
912,device1,2025-11-11 20:42:41.047904+05:30,0.42,0.00,0.00,0,0
913,device1,2025-11-11 20:42:55.998292+05:30,0.42,0.00,0.00,0,0
914,device1,2025-11-11 20:43:11.16664+05:30,0.42,0.00,0.00,0,0
915,device1,2025-11-11 20:43:26.102961+05:30,0.42,0.00,0.00,0,0
916,device1,2025-11-11 20:43:41.052803+05:30,0.42,0.00,0.00,0,0
917,device1,2025-11-11 20:43:56.007234+05:30,0.42,0.00,0.00,0,0
918,device1,2025-11-11 20:44:10.957646+05:30,0.42,0.00,0.00,0,0
919,device1,2025-11-11 20:44:26.106561+05:30,0.42,0.00,0.00,0,0
920,device1,2025-11-11 20:44:41.264745+05:30,0.42,0.00,0.00,0,0
921,device1,2025-11-11 20:44:56.008045+05:30,0.42,0.00,0.00,0,0
922,device1,2025-11-11 20:45:10.931458+05:30,0.51,0.00,0.00,0,0
923,device1,2025-11-11 20:46:03.183673+05:30,13.83,0.00,0.00,0,0
924,device1,2025-11-11 20:46:17.313228+05:30,13.89,0.00,0.00,0,0
925,device1,2025-11-11 20:46:32.259302+05:30,13.90,0.00,0.00,0,0
926,device1,2025-11-11 20:57:16.245313+05:30,0.40,0.00,0.00,0,0
927,device1,2025-11-11 20:57:30.783316+05:30,0.40,0.00,0.00,0,0
928,device1,2025-11-11 20:57:45.730952+05:30,0.40,0.00,0.00,0,0
929,device1,2025-11-11 20:58:00.682375+05:30,0.41,0.00,0.00,0,0
930,device1,2025-11-11 20:58:15.605544+05:30,0.39,0.00,0.00,0,0
931,device1,2025-11-11 20:58:50.040508+05:30,0.42,0.00,0.00,0,0
932,device1,2025-11-11 20:59:04.377708+05:30,0.43,0.00,0.00,0,0
933,device1,2025-11-11 20:59:19.331136+05:30,0.43,0.00,0.00,0,0
934,device1,2025-11-11 20:59:34.484218+05:30,0.43,0.00,0.00,0,0
935,device1,2025-11-11 20:59:49.429728+05:30,0.42,0.00,0.00,0,0
936,device1,2025-11-11 21:00:04.384362+05:30,0.43,0.00,0.00,0,0
937,device1,2025-11-11 21:00:19.538056+05:30,0.43,0.00,0.00,0,0
938,device1,2025-11-11 21:00:34.483299+05:30,0.44,0.00,0.00,0,0
939,device1,2025-11-11 21:00:49.447762+05:30,0.44,0.00,0.00,0,0
940,device1,2025-11-11 21:01:04.385639+05:30,0.44,0.00,0.00,0,0
941,device1,2025-11-11 21:01:19.761808+05:30,0.45,0.00,0.00,0,0
942,device1,2025-11-11 21:01:34.596138+05:30,0.46,0.00,0.00,0,0
943,device1,2025-11-11 21:01:49.444519+05:30,0.45,0.00,0.00,0,0
944,device1,2025-11-11 21:02:04.638427+05:30,0.45,0.00,0.00,0,0
945,device1,2025-11-11 21:02:19.548324+05:30,0.46,0.00,0.00,0,0
946,device1,2025-11-11 21:02:34.592086+05:30,0.46,0.00,0.00,0,0
947,device1,2025-11-11 21:02:49.442132+05:30,0.46,0.00,0.00,0,0
948,device1,2025-11-11 21:03:06.246196+05:30,0.47,0.00,0.00,0,0
949,device1,2025-11-11 21:03:19.585622+05:30,0.45,0.00,0.00,0,0
950,device1,2025-11-11 21:03:34.498772+05:30,0.46,0.00,0.00,0,0
951,device1,2025-11-11 21:03:49.659691+05:30,0.45,0.00,0.00,0,0
952,device1,2025-11-11 21:04:04.403502+05:30,0.47,0.00,0.00,0,0
953,device1,2025-11-11 21:04:19.553116+05:30,0.46,0.00,0.00,0,0
954,device1,2025-11-11 21:04:34.503874+05:30,0.47,0.00,0.00,0,0
955,device1,2025-11-11 21:04:49.464901+05:30,0.47,0.00,0.00,0,0
956,device1,2025-11-11 21:05:04.609274+05:30,0.46,0.00,0.00,0,0
957,device1,2025-11-11 21:05:19.459378+05:30,0.48,0.00,0.00,0,0
958,device1,2025-11-11 21:05:34.509964+05:30,0.46,0.00,0.00,0,0
959,device1,2025-11-11 21:05:49.459584+05:30,0.48,0.00,0.00,0,0
960,device1,2025-11-11 21:06:04.715586+05:30,0.48,0.00,0.00,0,0
961,device1,2025-11-11 21:06:19.567764+05:30,0.48,0.00,0.00,0,0
962,device1,2025-11-11 21:06:34.718517+05:30,0.48,0.00,0.00,0,0
963,device1,2025-11-11 21:06:49.671865+05:30,0.50,0.00,0.00,0,0
964,device1,2025-11-11 21:07:04.619723+05:30,0.50,0.00,0.00,0,0
965,device1,2025-11-11 21:07:19.779943+05:30,0.50,0.00,0.00,0,0
966,device1,2025-11-11 21:07:34.47289+05:30,0.49,0.00,0.00,0,0
967,device1,2025-11-11 21:07:49.58066+05:30,0.49,0.00,0.00,0,0
968,device1,2025-11-11 21:08:04.732516+05:30,0.50,0.00,0.00,0,0
969,device1,2025-11-11 21:08:24.716106+05:30,0.49,0.00,0.00,0,0
970,device1,2025-11-11 21:08:50.719963+05:30,0.48,0.00,0.00,0,0
971,device1,2025-11-11 21:09:00.862762+05:30,0.49,0.00,0.00,0,0
972,device1,2025-11-11 21:09:18.814232+05:30,0.47,0.00,0.00,0,0
973,device1,2025-11-11 21:09:30.964804+05:30,0.50,0.00,0.00,0,0
974,device1,2025-11-11 21:09:45.914178+05:30,0.48,0.00,0.00,0,0
975,device1,2025-11-11 21:10:00.846756+05:30,0.49,0.00,0.00,0,0
976,device1,2025-11-11 21:10:15.800635+05:30,0.49,0.00,0.00,0,0
977,device1,2025-11-11 21:10:30.847658+05:30,0.49,0.00,0.00,0,0
978,device1,2025-11-11 21:10:45.799946+05:30,0.48,0.00,0.00,0,0
979,device1,2025-11-11 21:11:00.957678+05:30,0.49,0.00,0.00,0,0
980,device1,2025-11-11 21:11:15.90778+05:30,0.47,0.00,0.00,0,0
981,device1,2025-11-11 21:11:31.077161+05:30,0.41,0.00,0.00,0,0
982,device1,2025-11-11 21:11:45.805585+05:30,0.41,0.00,0.00,0,0
983,device1,2025-11-11 21:12:00.964707+05:30,0.49,0.00,0.00,0,0
984,device1,2025-11-11 21:12:15.910161+05:30,0.49,0.00,0.00,0,0
985,device1,2025-11-11 21:12:30.960188+05:30,0.50,0.00,0.00,0,0
986,device1,2025-11-11 21:12:45.926421+05:30,0.50,0.00,0.00,0,0
987,device1,2025-11-11 21:13:01.069737+05:30,0.50,0.00,0.00,0,0
988,device1,2025-11-11 21:13:15.809467+05:30,0.50,0.00,0.00,0,0
989,device1,2025-11-11 21:13:30.967462+05:30,0.50,0.00,0.00,0,0
990,device1,2025-11-11 21:13:45.91989+05:30,0.49,0.00,0.00,0,0
991,device1,2025-11-11 21:14:00.866362+05:30,0.51,0.00,0.00,0,0
992,device1,2025-11-11 21:14:15.918643+05:30,0.50,0.00,0.00,0,0
993,device1,2025-11-11 21:14:31.080739+05:30,0.50,0.00,0.00,0,0
994,device1,2025-11-11 21:14:47.252163+05:30,0.51,0.00,0.00,0,0
995,device1,2025-11-11 21:15:00.978913+05:30,0.51,0.00,0.00,0,0
996,device1,2025-11-11 21:15:17.363932+05:30,0.49,0.00,0.00,0,0
997,device1,2025-11-11 21:15:30.877206+05:30,0.50,0.00,0.00,0,0
998,device1,2025-11-11 21:15:46.029697+05:30,0.51,0.00,0.00,0,0
999,device1,2025-11-11 21:16:00.977983+05:30,0.50,0.00,0.00,0,0
1000,device1,2025-11-11 21:16:15.94333+05:30,0.50,0.00,0.00,0,0
1001,device1,2025-11-11 21:16:30.884129+05:30,0.49,0.00,0.00,0,0
1002,device1,2025-11-11 21:16:45.83282+05:30,0.50,0.00,0.00,0,0
1003,device1,2025-11-11 21:17:09.381509+05:30,0.51,58.40,27.53,0,0
1004,device1,2025-11-11 21:17:23.715235+05:30,0.49,58.60,26.86,0,0
1005,device1,2025-11-11 21:17:38.561597+05:30,0.50,59.33,26.70,0,0
1006,device1,2025-11-11 21:17:53.627192+05:30,0.51,59.08,26.80,0,0
1007,device1,2025-11-11 21:18:08.566866+05:30,0.50,58.73,26.89,0,0
1008,device1,2025-11-11 21:18:23.721821+05:30,0.48,58.57,27.01,0,0
1009,device1,2025-11-11 21:18:38.673819+05:30,0.49,58.53,27.00,0,0
1010,device1,2025-11-11 21:18:53.621294+05:30,0.50,58.27,27.03,0,0
1011,device1,2025-11-11 21:19:08.570169+05:30,0.50,58.33,26.97,0,0
1012,device1,2025-11-11 21:19:23.933366+05:30,0.51,58.21,27.01,0,0
1013,device1,2025-11-11 21:19:38.677056+05:30,0.51,58.25,27.11,0,0
1014,device1,2025-11-11 21:19:53.634243+05:30,0.51,58.40,27.07,0,0
1015,device1,2025-11-11 21:20:08.576051+05:30,0.51,58.61,27.14,0,0
1016,device1,2025-11-11 21:20:23.733036+05:30,0.51,58.03,27.35,0,0
1017,device1,2025-11-11 21:20:38.683813+05:30,0.51,57.81,27.48,0,0
1018,device1,2025-11-11 21:20:53.63126+05:30,0.49,57.62,27.47,0,0
1019,device1,2025-11-11 21:21:08.691373+05:30,0.50,57.74,27.53,0,0
1020,device1,2025-11-11 21:21:23.632893+05:30,0.50,57.71,27.59,0,0
1021,device1,2025-11-11 21:21:38.588122+05:30,0.50,57.95,27.89,0,0
1022,device1,2025-11-11 21:21:53.735958+05:30,0.51,57.26,27.94,0,0
1023,device1,2025-11-11 21:22:08.995991+05:30,0.51,57.08,27.96,0,0
1024,device1,2025-11-11 21:22:23.872027+05:30,0.51,57.28,27.94,0,0
1025,device1,2025-11-11 21:22:38.691537+05:30,0.51,57.15,27.93,0,0
1026,device1,2025-11-11 21:22:53.639689+05:30,0.51,57.05,27.93,0,0
1027,device1,2025-11-11 21:23:08.694135+05:30,0.48,57.32,27.84,0,0
1028,device1,2025-11-11 21:23:23.674256+05:30,0.49,57.48,27.72,0,0
1029,device1,2025-11-11 21:23:38.577278+05:30,0.51,57.66,27.61,0,0
1030,device1,2025-11-11 21:23:53.749683+05:30,0.51,57.75,27.48,0,0
1031,device1,2025-11-11 21:24:08.70129+05:30,0.51,57.89,27.42,0,0
1032,device1,2025-11-11 21:24:23.651741+05:30,0.48,58.01,27.34,0,0
1033,device1,2025-11-11 21:24:38.803285+05:30,0.49,58.13,27.29,0,0
1034,device1,2025-11-11 21:24:53.650059+05:30,0.50,58.25,27.26,0,0
1035,device1,2025-11-11 21:25:08.80606+05:30,0.51,58.29,27.25,0,0
1036,device1,2025-11-11 21:25:23.978522+05:30,0.51,58.26,27.23,0,0
1037,device1,2025-11-11 21:25:38.707718+05:30,0.49,58.25,27.18,0,0
1038,device1,2025-11-11 21:25:53.648183+05:30,0.53,58.28,27.11,0,0
1039,device1,2025-11-11 21:26:08.606852+05:30,0.50,58.32,27.07,0,0
1040,device1,2025-11-11 21:26:23.780729+05:30,0.52,58.42,26.98,0,0
1041,device1,2025-11-11 21:26:38.712505+05:30,0.49,58.65,26.92,0,0
1042,device1,2025-11-11 21:26:53.66094+05:30,0.49,58.80,26.85,0,0
1043,device1,2025-11-11 21:27:08.832367+05:30,0.43,58.98,26.83,0,0
1044,device1,2025-11-11 21:27:23.764165+05:30,0.43,58.94,26.77,0,0
1045,device1,2025-11-11 21:27:38.716762+05:30,0.43,59.04,26.71,0,0
1046,device1,2025-11-11 21:27:53.666984+05:30,0.43,59.19,26.60,0,0
1047,device1,2025-11-11 21:28:08.817806+05:30,0.43,59.26,26.57,0,0
1048,device1,2025-11-11 21:28:23.772058+05:30,0.43,59.27,26.54,0,0
1049,device1,2025-11-11 21:28:38.720894+05:30,0.43,59.51,26.43,0,0
1050,device1,2025-11-11 21:28:53.823427+05:30,0.43,59.78,26.26,0,0
1051,device1,2025-11-11 21:29:08.826478+05:30,0.52,60.46,26.47,0,0
1052,device1,2025-11-11 21:29:23.777325+05:30,0.51,59.04,26.74,0,0
1053,device1,2025-11-11 21:29:38.730684+05:30,0.51,58.42,26.91,0,0
1054,device1,2025-11-11 21:29:53.675468+05:30,0.52,58.10,27.03,0,0
1055,device1,2025-11-11 21:30:08.731594+05:30,0.51,57.78,27.11,0,0
1056,device1,2025-11-11 21:30:23.677926+05:30,0.49,57.75,27.16,0,0
1057,device1,2025-11-11 21:30:39.041433+05:30,0.52,57.62,27.20,0,0
1058,device1,2025-11-11 21:30:53.783052+05:30,0.51,57.43,27.24,0,0
1059,device1,2025-11-11 21:31:08.849744+05:30,0.51,57.31,27.25,0,0
1060,device1,2025-11-11 21:31:23.78676+05:30,0.49,57.30,27.29,0,0
1061,device1,2025-11-11 21:31:38.740431+05:30,0.50,57.11,27.28,0,0
1062,device1,2025-11-11 21:31:53.889785+05:30,0.51,57.05,27.31,0,0
1063,device1,2025-11-11 21:32:08.843841+05:30,0.51,56.86,27.32,0,0
1064,device1,2025-11-11 21:32:23.789233+05:30,0.51,56.80,27.30,0,0
1065,device1,2025-11-11 21:32:38.745915+05:30,0.51,56.79,27.29,0,0
1066,device1,2025-11-11 21:32:53.691239+05:30,0.50,56.77,27.34,0,0
1067,device1,2025-11-11 21:33:08.84845+05:30,0.48,56.67,27.35,0,0
1068,device1,2025-11-11 21:33:23.801476+05:30,0.51,56.64,27.31,0,0
1069,device1,2025-11-11 21:33:38.755702+05:30,0.51,56.64,27.28,0,0
1070,device1,2025-11-11 21:33:53.900685+05:30,0.51,56.67,27.24,0,0
1071,device1,2025-11-11 21:34:08.751251+05:30,0.50,56.65,27.26,0,0
1072,device1,2025-11-11 21:34:24.005242+05:30,0.50,56.67,27.26,0,0
1073,device1,2025-11-11 21:34:38.85379+05:30,0.51,56.64,27.21,0,0
1074,device1,2025-11-11 21:34:53.803917+05:30,0.52,56.62,27.22,0,0
1075,device1,2025-11-11 21:35:09.219611+05:30,0.50,56.60,27.22,0,0
1076,device1,2025-11-11 21:40:15.024792+05:30,0.52,58.31,27.48,0,0
1077,device1,2025-11-11 21:40:29.973963+05:30,0.52,57.94,27.48,0,0
1078,device1,2025-11-11 21:40:44.923918+05:30,0.52,57.72,27.52,0,0
1079,device1,2025-11-11 21:41:00.081252+05:30,0.52,57.84,27.57,0,0
1080,device1,2025-11-11 21:41:15.030575+05:30,0.50,57.62,27.60,0,0
1081,device1,2025-11-11 21:41:30.186326+05:30,0.52,57.52,27.63,0,0
1082,device1,2025-11-11 21:41:44.931849+05:30,0.52,57.38,27.69,0,0
1083,device1,2025-11-11 21:42:00.084444+05:30,0.52,57.31,27.72,0,0
1084,device1,2025-11-11 21:42:14.925365+05:30,0.52,57.36,27.80,0,0
1085,device1,2025-11-11 21:42:29.990255+05:30,0.52,57.17,27.80,0,0
1086,device1,2025-11-11 21:42:45.143148+05:30,0.51,57.13,27.79,0,0
1087,device1,2025-11-11 21:43:00.091128+05:30,0.52,57.19,27.76,0,0
1088,device1,2025-11-11 21:43:15.043155+05:30,0.53,57.22,27.76,0,0
1089,device1,2025-11-11 21:43:29.990926+05:30,0.52,57.22,27.79,0,0
1090,device1,2025-11-11 21:43:45.146608+05:30,0.51,57.10,27.82,0,0
1091,device1,2025-11-11 21:44:00.099987+05:30,0.54,57.01,27.81,0,0
1092,device1,2025-11-11 21:44:15.046507+05:30,0.54,56.91,27.82,0,0
1093,device1,2025-11-11 21:44:29.997004+05:30,0.52,57.02,27.84,0,0
1094,device1,2025-11-11 21:44:45.149896+05:30,0.53,57.02,27.88,0,0
1095,device1,2025-11-11 21:45:00.111375+05:30,0.49,56.69,27.89,0,0
1096,device1,2025-11-11 21:45:15.05069+05:30,0.51,56.66,27.88,0,0
1097,device1,2025-11-11 21:45:30.209113+05:30,0.52,56.64,27.87,0,0
1098,device1,2025-11-11 21:45:45.158294+05:30,0.52,56.60,27.87,0,0
1099,device1,2025-11-11 21:46:00.106881+05:30,0.52,56.53,27.86,0,0
1100,device1,2025-11-11 21:46:15.161446+05:30,0.52,56.50,27.87,0,0
1101,device1,2025-11-11 21:46:30.109944+05:30,0.52,56.52,27.87,0,0
1102,device1,2025-11-11 21:46:45.060307+05:30,0.52,56.57,27.84,0,0
1103,device1,2025-11-11 21:47:00.219661+05:30,0.52,56.63,27.82,0,0
1104,device1,2025-11-11 21:47:15.161911+05:30,0.53,56.64,27.82,0,0
1105,device1,2025-11-11 21:47:30.115385+05:30,0.50,56.51,27.79,0,0
1106,device1,2025-11-11 21:47:45.06385+05:30,0.50,56.65,27.76,0,0
1107,device1,2025-11-11 21:48:00.218836+05:30,0.52,56.60,27.79,0,0
1108,device1,2025-11-11 21:48:15.168501+05:30,0.52,56.43,27.78,0,0
1109,device1,2025-11-11 21:48:30.117654+05:30,0.52,56.49,27.75,0,0
1110,device1,2025-11-11 21:48:45.073363+05:30,0.50,56.50,27.73,0,0
1111,device1,2025-11-11 21:49:00.223395+05:30,0.49,56.55,27.68,0,0
1112,device1,2025-11-11 21:49:15.176998+05:30,0.51,56.59,27.69,0,0
1113,device1,2025-11-11 21:49:30.125628+05:30,0.52,56.45,27.70,0,0
1114,device1,2025-11-11 21:49:45.032512+05:30,0.52,56.49,27.76,0,0
1115,device1,2025-11-11 21:50:00.228851+05:30,0.52,56.54,27.75,0,0
1116,device1,2025-11-11 21:50:15.186342+05:30,0.49,56.35,27.71,0,0
1117,device1,2025-11-11 21:50:30.128598+05:30,0.50,56.25,27.71,0,0
1118,device1,2025-11-11 21:50:45.07552+05:30,0.49,56.22,27.69,0,0
1119,device1,2025-11-11 21:51:00.233442+05:30,0.52,56.29,27.65,0,0
1120,device1,2025-11-11 21:51:15.182041+05:30,0.52,56.31,27.60,0,0
1121,device1,2025-11-11 21:53:13.350744+05:30,0.52,56.20,27.47,0,0
1122,device1,2025-11-11 21:53:28.405638+05:30,0.54,57.19,27.56,0,0
1123,device1,2025-11-11 21:53:43.45542+05:30,0.54,56.17,27.56,0,0
1124,device1,2025-11-11 21:53:58.404986+05:30,0.54,55.98,27.50,0,0
1125,device1,2025-11-11 21:54:13.358057+05:30,0.53,56.05,27.43,0,0
1126,device1,2025-11-11 21:54:29.423909+05:30,0.53,56.52,27.42,0,0
1127,device1,2025-11-11 21:54:44.43401+05:30,0.50,56.71,27.44,0,0
1128,device1,2025-11-11 21:54:58.010331+05:30,0.50,0.00,0.00,0,0
1129,device1,2025-11-11 21:55:12.950406+05:30,0.51,0.00,0.00,0,0
1130,device1,2025-11-11 21:55:28.113291+05:30,0.51,0.00,0.00,0,0
1131,device1,2025-11-11 21:55:43.055086+05:30,0.51,0.00,0.00,0,0
1132,device1,2025-11-11 21:55:58.006998+05:30,0.51,0.00,0.00,0,0
1133,device1,2025-11-11 21:56:26.677157+05:30,0.50,56.32,28.70,0,0
1134,device1,2025-11-11 21:56:41.321402+05:30,0.50,55.67,28.47,0,0
1135,device1,2025-11-11 21:56:56.066847+05:30,0.50,0.00,0.00,0,0
1136,device1,2025-11-11 21:57:11.018456+05:30,0.49,0.00,0.00,0,0
1137,device1,2025-11-11 21:57:25.968991+05:30,0.50,0.00,0.00,0,0
1138,device1,2025-11-11 21:57:46.447708+05:30,0.51,55.89,28.09,0,0
1139,device1,2025-11-11 21:58:00.782822+05:30,0.51,55.66,27.87,0,0
1140,device1,2025-11-11 21:58:15.734809+05:30,0.52,56.98,27.90,0,0
1141,device1,2025-11-11 21:58:30.888643+05:30,0.51,57.85,28.15,0,0
1142,device1,2025-11-11 21:58:45.838428+05:30,0.52,55.38,28.48,0,0
1143,device1,2025-11-11 21:59:00.787964+05:30,0.50,53.85,28.53,0,0
1144,device1,2025-11-11 21:59:15.943816+05:30,0.49,53.68,28.49,0,0
1145,device1,2025-11-11 21:59:30.99627+05:30,0.51,53.55,28.45,0,0
1146,device1,2025-11-11 22:40:55.633+05:30,0.56,52.23,29.27,0,0
1147,device1,2025-11-11 22:41:10.630272+05:30,0.54,52.27,29.25,0,0
1148,device1,2025-11-11 22:41:25.630512+05:30,0.57,52.34,29.23,0,0
1149,device1,2025-11-11 22:41:40.626843+05:30,0.55,52.25,29.22,0,0
1150,device1,2025-11-11 22:41:55.627259+05:30,0.56,52.06,29.26,0,0
1151,device1,2025-11-11 22:42:10.62875+05:30,0.56,52.18,29.27,0,0
1152,device1,2025-11-11 22:42:25.616319+05:30,0.56,51.92,29.29,0,0
1153,device1,2025-11-11 22:42:40.617987+05:30,0.56,51.83,29.31,0,0
1154,device1,2025-11-11 22:42:55.612799+05:30,0.56,51.74,29.31,0,0
1155,device1,2025-11-11 22:43:10.605901+05:30,0.57,51.61,29.34,0,0
1156,device1,2025-11-11 22:43:25.60854+05:30,0.55,51.53,29.36,0,0
1157,device1,2025-11-11 22:43:40.603697+05:30,0.54,51.53,29.36,0,0
1158,device1,2025-11-11 22:43:55.605063+05:30,0.57,51.66,29.35,0,0
1159,device1,2025-11-11 22:50:46.17849+05:30,0.00,54.19,28.88,0,0
1160,device1,2025-11-11 22:51:00.651098+05:30,0.00,54.14,28.33,0,0
1161,device1,2025-11-11 22:51:15.677884+05:30,0.00,54.44,27.89,0,0
1162,device1,2025-11-11 22:51:30.699326+05:30,0.00,55.17,27.40,0,0
1163,device1,2025-11-11 22:52:42.804384+05:30,11.85,57.67,26.54,0,0
1164,device1,2025-11-11 22:52:57.288257+05:30,11.94,58.01,26.35,0,0
1165,device1,2025-11-11 22:53:12.341708+05:30,11.86,58.37,26.24,0,0
1166,device1,2025-11-11 22:53:27.338216+05:30,11.87,58.78,26.15,0,0
1167,device1,2025-11-11 22:53:42.356946+05:30,11.88,58.16,26.05,0,0
1168,device1,2025-11-11 22:53:57.383144+05:30,11.86,57.87,25.98,0,0
1169,device1,2025-11-11 22:54:12.408465+05:30,11.87,57.90,25.89,0,0
1170,device1,2025-11-11 22:54:27.431869+05:30,11.85,60.07,25.82,0,0
1171,device1,2025-11-11 22:54:42.460089+05:30,11.77,58.61,25.80,0,0
1172,device1,2025-11-11 22:54:57.491069+05:30,11.91,59.00,25.73,0,0
1173,device1,2025-11-11 22:55:12.513714+05:30,11.93,60.26,25.67,0,0
1174,device1,2025-11-11 22:55:27.533837+05:30,11.88,59.31,25.61,0,0
1175,device1,2025-11-11 22:55:42.566704+05:30,11.91,58.72,25.58,0,0
1176,device1,2025-11-11 22:55:57.591924+05:30,11.90,58.61,25.47,0,0
1177,device1,2025-11-11 22:56:12.626849+05:30,11.85,58.76,25.29,0,0
1178,device1,2025-11-11 22:56:27.64926+05:30,11.85,59.33,25.12,0,0
1179,device1,2025-11-11 22:56:42.680279+05:30,11.79,59.31,25.03,0,0
1180,device1,2025-11-11 22:56:57.703643+05:30,11.84,59.92,24.89,0,0
1181,device1,2025-11-11 22:57:12.73003+05:30,11.77,61.46,25.30,0,0
1182,device1,2025-11-11 22:57:27.756745+05:30,11.87,58.51,25.76,0,0
1183,device1,2025-11-11 22:57:42.780596+05:30,11.88,60.01,26.01,0,0
1184,device1,2025-11-11 22:57:57.807392+05:30,11.87,58.01,26.16,0,0
1185,device1,2025-11-11 22:58:12.83618+05:30,11.86,56.82,26.14,0,0
1186,device1,2025-11-11 22:58:27.865927+05:30,11.74,56.94,26.10,0,0
1187,device1,2025-11-11 22:58:42.89707+05:30,11.76,56.58,26.12,0,0
1188,device1,2025-11-11 22:58:57.922756+05:30,11.87,56.79,26.12,0,0
1189,device1,2025-11-11 22:59:12.949478+05:30,11.84,56.76,26.06,0,0
1190,device1,2025-11-11 22:59:27.977145+05:30,11.82,56.43,26.00,0,0
1191,device1,2025-11-11 22:59:43.004967+05:30,11.80,56.28,26.02,0,0
1192,device1,2025-11-11 22:59:58.034666+05:30,11.84,56.19,26.03,0,0
1193,device1,2025-11-11 23:00:13.062211+05:30,11.85,56.08,26.05,0,0
1194,device1,2025-11-11 23:00:28.099467+05:30,11.83,56.02,26.02,0,0
1195,device1,2025-11-11 23:00:43.126749+05:30,11.82,55.92,26.09,0,0
1196,device1,2025-11-11 23:00:58.153354+05:30,11.87,55.66,26.18,0,0
1197,device1,2025-11-11 23:01:13.185112+05:30,11.86,55.73,26.11,0,0
1198,device1,2025-11-11 23:01:28.216805+05:30,11.87,55.69,26.16,0,0
1199,device1,2025-11-11 23:01:43.240998+05:30,11.80,55.43,26.21,0,0
1200,device1,2025-11-11 23:01:58.266378+05:30,11.88,55.26,26.32,0,0
1201,device1,2025-11-11 23:02:13.29515+05:30,11.85,55.03,26.34,0,0
1202,device1,2025-11-11 23:02:28.319711+05:30,11.86,55.48,26.39,0,0
1203,device1,2025-11-11 23:02:43.352944+05:30,11.83,55.11,26.39,0,0
1204,device1,2025-11-11 23:02:58.37972+05:30,11.83,55.12,26.38,0,0
1205,device1,2025-11-11 23:03:13.408492+05:30,11.86,55.80,26.52,0,0
1206,device1,2025-11-11 23:03:28.431496+05:30,11.85,55.92,26.70,0,0
1207,device1,2025-11-11 23:03:43.4638+05:30,11.81,56.23,26.91,0,0
1208,device1,2025-11-11 23:03:58.48941+05:30,11.84,55.41,27.09,0,0
1209,device1,2025-11-11 23:04:13.515668+05:30,11.84,55.58,27.27,0,0
1210,device1,2025-11-11 23:04:28.547301+05:30,11.84,55.01,27.29,0,0
1211,device1,2025-11-11 23:04:43.58191+05:30,11.73,54.98,27.40,0,0
1212,device1,2025-11-11 23:04:58.600816+05:30,11.82,54.44,27.55,0,0
1213,device1,2025-11-11 23:05:13.623887+05:30,11.79,54.61,27.61,0,0
1214,device1,2025-11-11 23:05:28.646847+05:30,11.79,54.22,27.66,0,0
1215,device1,2025-11-11 23:05:43.681982+05:30,11.82,54.31,27.66,0,0
1216,device1,2025-11-11 23:05:57.380905+05:30,0.41,60.06,25.73,0,0
1217,device1,2025-11-11 23:06:11.902595+05:30,0.40,60.13,25.64,0,0
1218,device1,2025-11-11 23:06:26.914747+05:30,0.40,59.92,25.58,0,0
1219,device1,2025-11-11 23:06:41.908872+05:30,0.40,60.17,25.54,0,0
1220,device1,2025-11-11 23:06:56.907189+05:30,0.41,59.96,25.56,0,0
1221,device1,2025-11-11 23:07:11.908191+05:30,0.41,60.32,25.55,0,0
1222,device1,2025-11-11 23:07:26.902241+05:30,0.40,60.37,25.57,0,0
1223,device1,2025-11-11 23:07:41.914262+05:30,0.43,60.49,25.57,0,0
1224,device1,2025-11-11 23:07:56.927846+05:30,0.43,60.67,25.56,0,0
1225,device1,2025-11-11 23:08:11.90634+05:30,0.44,60.70,25.58,0,0
1226,device1,2025-11-11 23:08:26.938826+05:30,0.43,60.64,25.62,0,0
1227,device1,2025-11-11 23:08:41.927093+05:30,0.43,60.73,25.64,0,0
1228,device1,2025-11-11 23:08:56.925243+05:30,0.43,60.97,25.64,0,0
1229,device1,2025-11-11 23:09:11.937232+05:30,0.44,61.02,25.62,0,0
1230,device1,2025-11-11 23:09:26.942202+05:30,0.45,60.67,25.61,0,0
1231,device1,2025-11-11 23:09:41.943845+05:30,0.44,60.56,25.58,0,0
1232,device1,2025-11-11 23:09:56.936414+05:30,0.43,60.53,25.59,0,0
1233,device1,2025-11-11 23:10:11.946013+05:30,0.42,60.51,25.58,0,0
1234,device1,2025-11-11 23:10:47.900362+05:30,0.46,60.66,25.87,0,0
1235,device1,2025-11-11 23:11:02.774346+05:30,0.46,60.35,25.76,0,0
1236,device1,2025-11-11 23:11:17.776173+05:30,0.46,60.19,25.73,0,0
1237,device1,2025-11-11 23:11:32.773955+05:30,0.44,60.04,25.71,0,0
1238,device1,2025-11-11 23:11:47.780392+05:30,0.47,60.03,25.67,0,0
1239,device1,2025-11-11 23:12:02.774747+05:30,0.44,60.00,25.64,0,0
1240,device1,2025-11-11 23:12:17.783609+05:30,0.46,59.98,25.63,0,0
1241,device1,2025-11-11 23:12:32.783122+05:30,0.47,60.11,25.58,0,0
1242,device1,2025-11-11 23:12:47.779998+05:30,0.46,60.21,25.53,0,0
1243,device1,2025-11-11 23:13:02.782852+05:30,0.46,60.21,25.51,0,0
1244,device1,2025-11-11 23:13:17.779487+05:30,0.47,60.15,25.53,0,0
1245,device1,2025-11-11 23:13:32.788751+05:30,0.47,60.09,25.52,0,0
1246,device1,2025-11-11 23:13:47.783684+05:30,0.47,60.10,25.47,0,0
1247,device1,2025-11-11 23:14:02.778653+05:30,0.48,60.06,25.46,0,0
1248,device1,2025-11-11 23:15:00.247584+05:30,0.46,0.00,0.00,0,0
1249,device1,2025-11-11 23:15:14.542366+05:30,0.45,0.00,0.00,0,0
1250,device1,2025-11-13 11:03:53.907972+05:30,0.31,100.00,35.09,0,0
1251,device1,2025-11-13 11:04:08.917041+05:30,0.31,100.00,35.09,0,0
1252,device1,2025-11-13 11:04:23.934286+05:30,0.32,100.00,35.09,0,0
1253,device1,2025-11-13 11:04:38.935946+05:30,0.33,100.00,35.09,0,0
1254,device1,2025-11-13 11:04:53.930109+05:30,0.33,100.00,35.09,0,0
1255,device1,2025-11-13 11:05:08.952262+05:30,0.34,100.00,35.09,0,0
1256,device1,2025-11-13 11:05:23.965191+05:30,0.34,100.00,35.09,0,0
1257,device1,2025-11-13 11:05:38.953095+05:30,0.34,100.00,35.09,0,0
1258,device1,2025-11-13 11:05:53.951753+05:30,0.35,100.00,35.09,0,0
1259,device1,2025-11-13 11:06:23.855003+05:30,0.35,0.00,0.00,0,0
1260,device1,2025-11-13 11:06:38.627376+05:30,0.35,0.00,0.00,0,0
1261,device1,2025-11-13 11:07:06.132431+05:30,0.35,0.00,0.00,0,0
1262,device1,2025-11-13 11:07:52.522131+05:30,0.45,59.79,27.93,0,0
1263,device1,2025-11-13 11:08:04.6394+05:30,0.42,59.20,27.87,0,0
1264,device1,2025-11-13 11:08:19.653596+05:30,0.42,58.33,27.71,0,0
1265,device1,2025-11-13 11:08:34.64553+05:30,0.44,58.27,27.60,0,0
1266,device1,2025-11-13 11:10:03.805258+05:30,13.82,58.43,27.91,0,0
1267,device1,2025-11-13 11:10:18.556331+05:30,13.78,57.55,27.90,0,0
1268,device1,2025-11-13 11:10:33.666098+05:30,13.88,57.12,27.90,0,0
1269,device1,2025-11-13 11:10:48.582939+05:30,13.86,56.94,27.91,0,0
1270,device1,2025-11-13 11:11:03.593138+05:30,13.80,56.83,27.92,0,0
1271,device1,2025-11-13 11:11:18.606965+05:30,13.87,56.69,27.94,0,0
1272,device1,2025-11-13 11:11:33.613571+05:30,13.80,56.65,27.95,0,0
1273,device1,2025-11-13 11:11:48.639537+05:30,13.86,56.53,27.97,0,0
1274,device1,2025-11-13 11:12:03.661937+05:30,13.79,56.45,27.99,0,0
1275,device1,2025-11-13 11:12:18.693138+05:30,13.86,56.39,28.02,0,0
1276,device2,2025-11-13 11:12:22.935674+05:30,0.00,61.58,25.59,0,0
1277,device1,2025-11-13 11:12:33.746844+05:30,13.86,56.29,28.04,0,0
1278,device2,2025-11-13 11:12:37.596373+05:30,0.00,61.22,25.56,0,0
1279,device1,2025-11-13 11:12:48.742869+05:30,13.78,56.24,28.07,0,0
1280,device2,2025-11-13 11:12:52.633379+05:30,0.00,61.25,25.57,0,0
1281,device1,2025-11-13 11:13:03.74859+05:30,13.85,56.15,28.09,0,0
1282,device2,2025-11-13 11:13:07.667529+05:30,0.00,60.91,25.61,0,0
1283,device1,2025-11-13 11:13:18.749284+05:30,13.85,56.10,28.11,0,0
1284,device2,2025-11-13 11:13:22.701698+05:30,0.00,60.69,25.65,0,0
1285,device1,2025-11-13 11:13:33.880937+05:30,13.85,56.01,28.13,0,0
1286,device2,2025-11-13 11:13:37.745277+05:30,0.00,60.64,25.71,0,0
1287,device1,2025-11-13 11:13:48.794832+05:30,13.78,55.93,28.17,0,0
1288,device2,2025-11-13 11:14:02.787642+05:30,0.00,60.71,26.05,0,0
1289,device1,2025-11-13 11:14:03.812713+05:30,13.84,55.86,28.20,0,0
1290,device2,2025-11-13 11:14:17.415992+05:30,0.00,60.46,25.98,0,0
1291,device1,2025-11-13 11:14:18.811049+05:30,13.85,55.77,28.23,0,0
1292,device1,2025-11-13 11:14:33.860071+05:30,13.74,55.70,28.25,0,0
1293,device1,2025-11-13 11:14:48.836593+05:30,13.80,55.65,28.27,0,0
1294,device2,2025-11-13 11:14:57.811433+05:30,0.00,59.07,26.78,0,0
1295,device1,2025-11-13 11:15:03.837207+05:30,13.84,55.62,28.28,0,0
1296,device2,2025-11-13 11:15:12.462737+05:30,0.00,61.83,26.74,0,0
1297,device1,2025-11-13 11:15:18.855673+05:30,13.77,55.54,28.30,0,0
1298,device2,2025-11-13 11:15:27.489068+05:30,0.00,69.67,26.81,0,0
1299,device1,2025-11-13 11:15:33.871535+05:30,13.84,55.92,28.30,0,0
1300,device2,2025-11-13 11:15:42.538177+05:30,0.00,68.38,26.88,0,0
1301,device1,2025-11-13 11:15:48.882682+05:30,13.84,58.98,28.36,0,0
1302,device2,2025-11-13 11:15:57.626728+05:30,0.00,69.48,26.92,0,0
1303,device1,2025-11-13 11:16:04.413937+05:30,13.76,55.06,28.26,0,0
1304,device2,2025-11-13 11:16:12.673473+05:30,0.00,68.68,26.98,0,0
1305,device2,2025-11-13 11:16:27.623545+05:30,0.00,63.62,27.06,0,0
1306,device2,2025-11-13 11:16:42.654079+05:30,0.00,61.10,27.37,0,0
1307,device1,2025-11-13 11:17:17.11088+05:30,13.76,63.64,28.26,0,0
1308,device1,2025-11-13 11:17:31.992683+05:30,13.76,63.36,28.47,0,0
1309,device1,2025-11-13 11:17:47.007356+05:30,13.74,61.40,28.59,0,0
1310,device2,2025-11-13 11:18:04.394968+05:30,0.00,62.91,27.46,0,0
1311,device2,2025-11-13 11:18:18.929153+05:30,0.00,63.80,27.59,0,0
1312,device2,2025-11-13 11:18:33.927805+05:30,0.00,64.54,27.59,0,0
1313,device2,2025-11-13 11:18:48.959265+05:30,0.00,62.39,27.64,0,0
1314,device1,2025-11-13 11:19:02.147473+05:30,13.70,60.47,28.39,23.19039,72.627701
1315,device1,2025-11-13 11:19:02.997168+05:30,13.71,60.20,28.83,23.190388,72.627701
1316,device2,2025-11-13 11:19:03.982302+05:30,0.00,63.82,27.71,0,0
1317,device1,2025-11-13 11:19:18.00843+05:30,13.73,55.18,28.77,23.190395,72.627708
1318,device2,2025-11-13 11:19:19.142751+05:30,0.00,55.99,27.60,0,0
1319,device1,2025-11-13 11:19:32.990857+05:30,13.73,56.81,28.90,23.190138,72.627785
1320,device2,2025-11-13 11:19:34.04596+05:30,0.00,56.89,27.50,0,0
1321,device1,2025-11-13 11:19:48.016024+05:30,13.73,57.24,29.10,23.188694,72.628654
1322,device2,2025-11-13 11:19:49.142103+05:30,0.00,57.15,27.53,0,0
1323,device1,2025-11-13 11:20:03.019607+05:30,13.73,55.81,29.20,23.188694,72.628654
1324,device2,2025-11-13 11:20:04.077156+05:30,0.00,56.64,27.63,0,0
1325,device2,2025-11-13 11:26:15.491556+05:30,0.46,0.00,0.00,0,0
1326,device2,2025-11-13 11:26:30.176745+05:30,0.46,0.00,0.00,0,0
1327,device2,2025-11-13 11:26:45.226316+05:30,0.46,0.00,0.00,0,0
1328,device2,2025-11-13 11:27:00.204324+05:30,0.46,0.00,0.00,0,0
1329,device2,2025-11-13 11:27:15.188359+05:30,0.46,0.00,0.00,0,0
1330,device2,2025-11-13 11:27:30.21369+05:30,0.46,0.00,0.00,0,0
1331,device2,2025-11-13 11:27:45.195054+05:30,0.46,0.00,0.00,0,0
1332,device2,2025-11-13 11:28:00.21512+05:30,0.46,0.00,0.00,0,0
1333,device2,2025-11-13 11:28:15.222546+05:30,0.47,0.00,0.00,0,0
1334,device2,2025-11-13 11:28:30.280239+05:30,0.47,0.00,0.00,0,0
1335,device2,2025-11-13 11:28:45.215399+05:30,0.46,0.00,0.00,0,0
1336,device2,2025-11-13 11:29:00.255302+05:30,0.47,0.00,0.00,0,0
1337,device2,2025-11-13 11:29:15.289006+05:30,0.47,0.00,0.00,0,0
1338,device2,2025-11-13 11:29:30.248701+05:30,0.46,0.00,0.00,0,0
1339,device2,2025-11-13 11:29:45.289872+05:30,0.47,0.00,0.00,0,0
1340,device2,2025-11-13 11:30:00.259639+05:30,0.47,0.00,0.00,0,0
1341,device2,2025-11-13 11:30:15.283601+05:30,0.47,0.00,0.00,0,0
1342,device2,2025-11-13 11:30:30.276205+05:30,0.47,0.00,0.00,0,0
1343,device2,2025-11-13 11:30:45.311125+05:30,0.47,0.00,0.00,0,0
1344,device2,2025-11-13 11:31:00.366567+05:30,0.47,0.00,0.00,0,0
1345,device2,2025-11-13 11:31:15.310118+05:30,0.47,0.00,0.00,0,0
1346,device2,2025-11-13 11:31:30.36701+05:30,0.47,0.00,0.00,0,0
1347,device2,2025-11-13 11:31:45.319037+05:30,0.47,0.00,0.00,0,0
1348,device2,2025-11-13 11:32:00.576373+05:30,0.47,0.00,0.00,0,0
1349,device2,2025-11-13 11:32:15.423547+05:30,0.47,0.00,0.00,0,0
1350,device2,2025-11-13 11:32:30.343459+05:30,0.47,0.00,0.00,0,0
1351,device2,2025-11-13 11:32:45.405465+05:30,0.47,0.00,0.00,0,0
1352,device2,2025-11-13 11:33:00.372571+05:30,0.47,0.00,0.00,0,0
1353,device2,2025-11-13 11:33:15.370108+05:30,0.47,0.00,0.00,0,0
1354,device2,2025-11-13 11:33:30.376359+05:30,0.47,0.00,0.00,0,0
1355,device2,2025-11-13 11:49:55.313995+05:30,0.44,53.86,29.22,0,0
1356,device2,2025-11-13 11:50:10.197167+05:30,0.44,54.31,28.81,0,0
1357,device2,2025-11-13 11:50:25.231563+05:30,0.44,66.84,29.83,0,0
1358,device2,2025-11-13 11:50:40.238654+05:30,0.44,73.62,30.52,0,0
1359,device2,2025-11-13 11:50:54.887653+05:30,0.45,0.00,0.00,0,0
1360,device2,2025-11-13 11:51:09.892338+05:30,0.45,0.00,0.00,0,0
1361,device2,2025-11-13 11:51:24.896244+05:30,0.44,0.00,0.00,0,0
1362,device2,2025-11-13 11:51:39.906774+05:30,0.44,0.00,0.00,0,0
1363,device2,2025-11-13 11:51:54.912471+05:30,0.45,0.00,0.00,0,0
1364,device2,2025-11-13 11:52:09.917633+05:30,0.44,0.00,0.00,0,0
1365,device2,2025-11-13 11:52:24.915338+05:30,0.44,0.00,0.00,0,0
1366,device2,2025-11-13 11:52:39.92244+05:30,0.44,0.00,0.00,0,0
1367,device2,2025-11-13 11:52:54.927733+05:30,0.45,0.00,0.00,0,0
1368,device2,2025-11-13 11:53:09.936779+05:30,0.45,0.00,0.00,0,0
1369,device2,2025-11-13 11:53:24.952674+05:30,0.44,0.00,0.00,0,0
1370,device2,2025-11-13 11:53:39.952922+05:30,0.44,0.00,0.00,0,0
1371,device2,2025-11-13 11:54:15.993932+05:30,0.46,0.00,0.00,0,0
1372,device2,2025-11-13 11:54:30.690425+05:30,0.45,0.00,0.00,0,0
1373,device2,2025-11-13 11:54:45.691268+05:30,0.46,0.00,0.00,0,0
1374,device2,2025-11-13 11:55:36.865875+05:30,0.45,0.00,0.00,0,0
1375,device2,2025-11-13 11:55:51.602465+05:30,0.44,0.00,0.00,0,0
1376,device2,2025-11-13 11:56:06.618616+05:30,0.44,0.00,0.00,0,0
1377,device2,2025-11-13 11:56:21.651429+05:30,0.44,0.00,0.00,0,0
1378,device2,2025-11-13 11:56:58.692889+05:30,0.46,0.00,0.00,0,0
1379,device2,2025-11-13 11:57:13.256281+05:30,0.45,0.00,0.00,0,0
1380,device2,2025-11-13 11:58:25.733631+05:30,0.46,0.00,0.00,0,0
1381,device2,2025-11-13 11:58:40.329033+05:30,0.45,0.00,0.00,0,0
1382,device2,2025-11-13 11:58:55.336091+05:30,0.45,0.00,0.00,0,0
1383,device2,2025-11-13 11:59:10.407053+05:30,0.45,0.00,0.00,0,0
1384,device2,2025-11-13 11:59:25.522384+05:30,0.45,0.00,0.00,0,0
1385,device2,2025-11-13 11:59:40.354635+05:30,0.45,0.00,0.00,0,0
1386,device2,2025-11-13 12:00:06.993428+05:30,0.47,0.00,0.00,0,0
1387,device2,2025-11-13 12:00:21.752825+05:30,0.47,0.00,0.00,0,0
1388,device2,2025-11-13 12:00:36.767642+05:30,0.47,0.00,0.00,0,0
1389,device2,2025-11-13 12:00:51.780425+05:30,0.47,0.00,0.00,0,0
1390,device2,2025-11-13 12:01:06.787233+05:30,0.47,0.00,0.00,0,0
1391,device2,2025-11-13 12:01:21.798964+05:30,0.47,0.00,0.00,0,0
1392,device2,2025-11-13 12:01:36.807991+05:30,0.47,0.00,0.00,0,0